word,level,transcription,russian
abla,A1,абла,"старшая сестра"
adres,A1,адрес,"адрес; обращение"
aile,A1,аиле,"семья"
ajanda,A1,ажанда,"(нет перевода)"
Akraba,A1,акраба,"относительный; релятивный"
akıl,A1,акыл,"мозг; головной мозг; ум"
Akıllı,A1,акыллы,"умный; понятливый; кто-то"
akşam,A1,акшам,"вечер; день; вчера вечером"
Alan,A1,алан,"площадь; край; поле"
alkol,A1,алкол,"спирт; алкоголь"
almak,A1,алмак,"брать, покупать"
Almanya,A1,алманйа,"Германия"
alt,A1,алт,"дно; низ; под"
alışveriş,A1,алышвериш,"купля; покупка; раздача"
alışveriş merkezi,A1,алышвериш меркези,"купля; покупка"
amca,A1,амджа,"дядя (брат отца)"
anadil,A1,анадил,"родная речь; родной язык; мать"
anahtar,A1,анахтар,"важнейший; ведущий; гаечный ключ"
anaokulu,A1,анаокулу,"детский садик; детский сад"
anlamak,A1,анламак,"понимать"
Anlaşmak,A1,анлашмак,"взаимный; обоюдный; -ать"
anma,A1,анма,"вербальный; словесный"
anne,A1,анне,"мама"
anneanne,A1,аннеанне,"бабушка; баба"
anneler günü,A1,аннелер гюню,"(нет перевода)"
araba,A1,араба,"машина"
aralık,A1,аралык,"декабрь; коридор; пассаж"
aramak,A1,арамак,"искать; пытаться найти; -ать"
Arka,A1,арка,"старый; задний; продолжение"
arkadaş,A1,аркадаш,"друг"
artı,A1,арты,"плюс; положительный; знак плюс"
asmak,A1,асмак,"-ать; -еть"
ateş,A1,атеш,"клёвый; огонь; жар"
atlamak,A1,атламак,"-ать; -еть"
atmak,A1,атмак,"бросок; покрывало; -ать"
avukat,A1,авукат,"адвокат; юрист; кто-то"
Avusturya,A1,авустурйа,"Австрия"
ay,A1,ай,"месяц, луна"
Aylin,A1,айлин,"(нет перевода)"
aynı,A1,айны,"одинаковый; тот же; не"
az,A1,аз,"мало"
aç,A1,ач,"голодный; алчущий; голод"
açmak,A1,ачмак,"открывать"
açık,A1,ачык,"яркий; светлый; прозрачный"
açık büfe,A1,ачык бюфе,"(нет перевода)"
ağabey,A1,аабей,"старший; староста"
ağaç,A1,аач,"дерево; древо; поберегись"
Ağrımak,A1,арымак,"боль; болеть"
ağustos,A1,аустос,"август; августейший"
ağız,A1,аыз,"рот; пасть; акцент"
Aşağı,A1,ашаы,"нижний; опускать; младший"
baba,A1,баба,"папа"
babaanne,A1,бабаанне,"бабушка; баба"
bahçe,A1,бахче,"сад"
bakmak,A1,бакмак,"-ать; -еть"
balayı,A1,балайы,"медовый месяц; свадебное путешествие"
bale,A1,бале,"балет"
balık,A1,балык,"рыба"
banka,A1,банка,"банк"
banyo yapmak,A1,банйо йапмак,"-ать; -еть"
bardak,A1,бардак,"стакан"
bavul,A1,бавул,"чемодан; хобот; багажник"
bay,A1,бай,"господин"
bayan,A1,байан,"госпожа"
bayram,A1,байрам,"айт; байрам; верующий"
bayılmak,A1,байылмак,"-ать; -еть"
başarılı,A1,башарылы,"успешный; благополучный"
başlamak,A1,башламак,"начинать; начать; начинаться"
bebek,A1,бебек,"младенец; ребёнок; девчонка"
beklemek,A1,беклемек,"жить; выносить; ожидать"
bekâr,A1,бекар,"бакалавр; холостой"
Ben,A1,бен,"я"
benzemek,A1,бенземек,"-ать; -еть"
beraber,A1,берабер,"вместе; совместно"
beslenmek,A1,бесленмек,"-ать; -еть"
bey,A1,бей,"мужской туалет; господин; лорд"
Beğenmek,A1,бейенмек,"одобрить; одобрять; быть благодарным"
bilet,A1,билет,"Билл; вексель; билет"
biletçi,A1,билетчи,"(нет перевода)"
bilgisayar,A1,билгисайар,"вычислитель; вычислительница"
bilgisayar oyunu,A1,билгисайар ойуну,"(нет перевода)"
bilmek,A1,билмек,"знать"
bina,A1,бина,"строительство; стройка"
binmek,A1,бинмек,"-ать; -еть"
biricik,A1,бириджик,"он; единственный"
biriktirmek,A1,бириктирмек,"коллекта; краткая молитва; аккумулировать"
birlikte,A1,бирликте,"вместе; совместно"
birliktelik,A1,бирликтелик,"состояние; государство; консорциум"
birçok,A1,бирчок,"многие; многий"
bitmek,A1,битмек,"-ать; -еть"
bol bol,A1,бол бол,"изобильно; обильно"
borç,A1,борч,"долг; задолженность"
boya,A1,бойа,"цветной; цвет; краска"
boyun,A1,бойун,"шея; выя"
boş,A1,бош,"пустой; порожний; открытый"
boş zaman,A1,бош заман,"(нет перевода)"
bugün,A1,бугюн,"сегодня"
bulaşık,A1,булашык,"грязный; испачканный; заразный"
buluşmak,A1,булушмак,"-ать; -еть"
burada,A1,бурада,"здесь"
burun,A1,бурун,"нос; морда; накидка"
buçuk,A1,бучук,"(нет перевода)"
bölü,A1,бёлю,"(нет перевода)"
büfe,A1,бюфе,"буфет; стойка; будка"
büro,A1,бюро,"обряд; служба"
bütün,A1,бютюн,"полностью; совсем; всецело"
büyük,A1,бюйюк,"большой"
Cadde,A1,джадде,"улица; авеню; проспект"
cami,A1,джами,"мечеть"
cesur,A1,джесур,"отважный; решительный"
cetvel,A1,джетвел,"линейка; властелин; кайма"
cevap,A1,джевап,"ответ; решение; ответить"
ceviz,A1,джевиз,"ореховый; орех"
Ciddi,A1,джидди,"серьёзный"
cimri,A1,джимри,"жадный; прижимистый"
cuma,A1,джума,"пятница"
cumartesi,A1,джумартеси,"суббота; шаббат"
dakika,A1,дакика,"мелкий; мельчайший"
dans,A1,данс,"пляс; танец"
dans etmek,A1,данс этмек,"пляс; танец; -ать"
Danışmak,A1,данышмак,"-ать; -еть"
dar,A1,дар,"узкий; тесный; недостаточный"
dayı,A1,дайы,"материнский; с материнской стороны; условие"
dağınık,A1,даынык,"взъерошенный; неряшливый; беспорядочный"
dede,A1,деде,"дед; дедушка"
defter,A1,дефтер,"блокнот; записная книжка; запас"
demek,A1,демек,"скажем; право голоса; телль"
deniz,A1,дениз,"море"
dergi,A1,дерги,"журнал; склад боеприпасов"
ders,A1,дерс,"доклад; лекция; урок"
devam etmek,A1,девам этмек,"-ать; -еть"
değişik,A1,дейишик,"не; а не"
Değiştirmek,A1,дейиштирмек,"каузатив; каузативный залог; -ать"
Dikkatli,A1,диккатли,"внимательный; осторожный; скрупулёзный"
dikkatsiz,A1,диккатсиз,"небрежный; невнимательный"
dilek,A1,дилек,"(нет перевода)"
dilemek,A1,дилемек,"-ать; -еть"
dini,A1,дини,"опечатка; описка; обвинительный"
dinlemek,A1,динлемек,"слушать; послушать; -ать"
dinlenmek,A1,динленмек,"-ать; -еть; пассивный"
dizi,A1,дизи,"ТВ"
diş,A1,диш,"зуб; зубья"
dişçi,A1,дишчи,"дантист; зубной"
doktor,A1,доктор,"врач"
dolap,A1,долап,"шкаф; каморка; многоточие"
dolaşmak,A1,долашмак,"-ать; -еть"
dolu,A1,долу,"полный; заполненный; град"
dolunay,A1,долунай,"полная луна; полнолуние; полный"
domates,A1,доматес,"помидор; томат"
dosya,A1,досйа,"дело; досье"
doğmak,A1,домак,"-ать; -еть"
doğum günü,A1,доум гюню,"день рождения; днюха"
doğum tarihi,A1,доум тарихи,"дата рождения; финик; дата"
durak,A1,дурак,"остановка; ограничитель; дислокация"
durmak,A1,дурмак,"полустанок; встать (как вкопанный); остановка"
duvar,A1,дувар,"вал; стена; препятствие"
duş almak,A1,душ алмак,"-ать; -еть"
dönmek,A1,дёнмек,"-ать; -еть"
Düzenli,A1,дюзенли,"регулярный; правильный; аккуратный"
düğüm,A1,дюйюм,"узел; клубок"
düğün,A1,дюйюн,"свадьба; бракосочетание; таков"
Dış,A1,дыш,"внешний; наружный; аут"
dışarı,A1,дышары,"внешний; наружный; сельская местность"
eczacı,A1,эджзаджы,"аптекарша; аптекарь"
eczane,A1,эджзане,"(нет перевода)"
egemenlik,A1,эгеменлик,"суверенитет"
ekim,A1,эким,"октябрь"
ekmek,A1,экмек,"хлеб"
ekonomi,A1,экономи,"экономный; экономия"
eksi,A1,экси,"минус; отрицательный; знак минус"
elbise,A1,элбисе,"одежда; одёжа; кусок"
elma,A1,элма,"яблоко"
Emekli,A1,эмекли,"пенсионер; пенсионерка"
Enişte,A1,эниште,"деверь; шурин; друг"
erkek,A1,эркек,"мужчина, мальчик"
erkek kardeş,A1,эркек кардеш,"брат; братец"
erken,A1,эркен,"ранний; рано"
eski,A1,эски,"старый"
etmek,A1,этмек,"выполнить; выполнять; акт"
ev,A1,эв,"дом"
ev hanımı,A1,эв ханымы,"домохозяйка"
evlenmek,A1,эвленмек,"-ать; -еть"
evli,A1,эвли,"женатый; замужем; состояние"
evlilik,A1,эвлилик,"бракосочетание; венчание"
eylül,A1,эйлюл,"сентябрь"
Eğlenceli,A1,эйленджели,"забавный; занимательный"
eş,A1,эш,"жена; жёнка; как"
fabrika,A1,фабрика,"завод; фабрика"
fakir,A1,факир,"факир; жалкий; несчастный"
fare,A1,фаре,"мышь; мышка"
fark,A1,фарк,"разница; отличие"
farklı,A1,фарклы,"другой; иной"
fikir,A1,фикир,"идея; мысль; дума"
film,A1,филм,"(нет перевода)"
fotoğraf çekmek,A1,фотораф чекмек,"-ать; -еть"
Fransa,A1,франса,"Франция; Франс; из"
futbol,A1,футбол,"футбол; ногомяч"
futbol maçı,A1,футбол мачы,"(нет перевода)"
futbolcu,A1,футболджу,"футболист; футболистка"
fındık,A1,фындык,"орех; гайка; лесной орех"
fırça,A1,фырча,"щётка; кисть"
fırın,A1,фырын,"печь; духовка; хлебопекарня"
galeri,A1,галери,"галерея"
garson,A1,гарсон,"кельнер; официант; кельнерша"
gazete,A1,газете,"газета; газетная бумага; напечатать в газете"
gecikmek,A1,геджикмек,"-ать; -еть"
gelecek,A1,геледжек,"будущий; грядущий; ближайший"
gelmek,A1,гелмек,"приходить"
genellikle,A1,генелликле,"вообще; широко"
geniş,A1,гениш,"широкий"
genç,A1,генч,"молодой; младой"
gençlik,A1,генчлик,"юность; молодость"
geveze,A1,гевезе,"он; единственный"
gezi,A1,гези,"вояж; поездка; прогулка"
gezmek,A1,гезмек,"-ать; -еть"
geç,A1,геч,"поздний; запоздалый"
geçmek,A1,гечмек,"-ать; -еть"
girmek,A1,гирмек,"ввод; входить; провести"
gitar,A1,гитар,"гитара"
gitmek,A1,гитмек,"идти, ехать"
Grip,A1,грип,"грипп; инфлюэнца"
Göl,A1,гёл,"лак; озеро"
göndermek,A1,гёндермек,"посылать; слать; -ать"
görüşmek,A1,гёрюшмек,"-ать; -еть"
gösteri,A1,гёстери,"выставка; зрелище"
göz,A1,гёз,"глаз; око; вид"
gül,A1,гюл,"Роза; розовый"
Güler yüzlü,A1,гюлер йюзлю,"(нет перевода)"
gün,A1,гюн,"день"
gündüz,A1,гюндюз,"день; сутки; дневной"
güzel,A1,гюзел,"красивый"
güçlü,A1,гючлю,"могущественный; мощный"
güçsüz,A1,гючсюз,"слабый; правильный; беспомощный"
hafta içi,A1,хафта ичи,"(нет перевода)"
hafta sonu,A1,хафта сону,"конец недели; суббота и воскресенье"
hala,A1,хала,"тётя; тётка; отеческий"
Halsiz,A1,халсиз,"слабый; правильный"
halı,A1,халы,"ковёр; ковëр"
hanım,A1,ханым,"жена; жёнка; госпожа"
harf,A1,харф,"буква; литера"
hasta,A1,хаста,"больной; хворый; блевота"
hastalık,A1,хасталык,"болезнь; хворь; фанатизм"
hastane,A1,хастане,"больница; госпиталь"
hava,A1,хава,"погода, воздух"
havuz,A1,хавуз,"лужа; пул"
havuç,A1,хавуч,"морковь; морковка"
hayal,A1,хайал,"сон; грёза; воображение"
hayat,A1,хайат,"жизнь; живот"
hazır,A1,хазыр,"готовый; заранее приготовленный"
hazırlamak,A1,хазырламак,"-ать; -еть"
hazırlanmak,A1,хазырланмак,"пассивный; бездеятельный; -ать"
hediye,A1,хедийе,"дар; гостинец"
hemşire,A1,хемшире,"фельдшер; медбрат"
her,A1,хер,"каждый; всякий; всегда"
her zaman,A1,хер заман,"всегда; вечно; когда-либо"
heyecanlanmak,A1,хейеджанланмак,"-ать; -еть"
heyecanlı,A1,хейеджанлы,"возбуждённый; в восторге; возбуждающий"
hissetmek,A1,хиссетмек,"-ать; -еть"
hiç,A1,хич,"использованный; используемый"
hiçbir zaman,A1,хичбир заман,"(нет перевода)"
hoşlanmak,A1,хошланмак,"-ать; -еть"
hukuk,A1,хукук,"закон; право; множественный"
hâl,A1,хал,"состояние; государство; падеж"
Hızlı,A1,хызлы,"крепкий; прочный"
i ş,A1,и ш,"(нет перевода)"
ideal,A1,идеал,"абстрактный; воображаемый"
ilkokul,A1,илкокул,"начальная школа; семилетка; первичный"
inek,A1,инек,"бык; корова; нерд"
insan,A1,инсан,"людской; человеческий"
internete girmek,A1,интернете гирмек,"(нет перевода)"
inşallah,A1,иншаллах,"Бог; бог"
istasyon,A1,истасйон,"дислокация; местоположение"
iyi,A1,ийи,"хороший"
izlemek,A1,излемек,"-ать; -еть"
iç,A1,ич,"внутренний; внутри; космос"
içecek,A1,ичеджек,"напиток; питьё"
içeri,A1,ичери,"внутренний; внутри; сердце"
iş yeri,A1,иш йери,"(нет перевода)"
işadamı,A1,ишадамы,"альтернативный; альтернатива"
işçi,A1,ишчи,"рабочий; работник"
İlgilenmek,A1,илгиленмек,"(нет перевода)"
İngiltere,A1,ингилтере,"Англия"
İskele,A1,искеле,"(нет перевода)"
İspanya,A1,испанйа,"Испания; Гишпания"
İtalya,A1,италйа,"Италия"
Japonya,A1,жапонйа,"Япония"
jeton,A1,жетон,"чипс; лучина"
jilet,A1,жилет,"бритва; бивень"
kadın,A1,кадын,"женщина"
kafe,A1,кафе,"(нет перевода)"
kahvaltı etmek,A1,кахвалты этмек,"(нет перевода)"
kahve,A1,кахве,"кофейный; кофе"
kalabalık,A1,калабалык,"куча; сброд; людный"
kalem,A1,калем,"ручка, карандаш"
kalkmak,A1,калкмак,"вставать"
kalmak,A1,калмак,"-ать; -еть"
kalp,A1,калп,"сердце; сердечко"
kampus,A1,кампус,"(нет перевода)"
kanepe,A1,канепе,"(нет перевода)"
kantin,A1,кантин,"буфет; закусочная"
kapalı,A1,капалы,"закрыть; закрывать; закрытый"
kapanmak,A1,капанмак,"-ать; -еть"
kapatmak,A1,капатмак,"закрывать"
kapı,A1,капы,"дверь"
karı,A1,кары,"жена; жёнка; проститутка"
Karşı,A1,каршы,"против; по; противоположный"
karşılamak,A1,каршыламак,"-ать; -еть"
kasap,A1,касап,"мясник; палач"
kasiyer,A1,касийер,"кассир; кассирша"
kat,A1,кат,"пол; настил; кратный"
katılmak,A1,катылмак,"-ать; -еть"
kaç,A1,кач,"сколько"
kaçıncı,A1,качынджы,"использованный; используемый; бесчисленный"
Kaşınmak,A1,кашынмак,"-ать; -еть"
kebap,A1,кебап,"кебаб; шашлык"
kedi,A1,кеди,"кошка"
kibar,A1,кибар,"вежливый; учтивый; благородный"
kilo,A1,кило,"кило; обрезка; срез"
kira,A1,кира,"арендная плата; квартирная плата"
kitap,A1,китап,"книга"
kitaplık,A1,китаплык,"книжный шкаф; этажерка"
kişi,A1,киши,"личность; особа"
koca,A1,коджа,"большой; крупный; громадный"
kol,A1,кол,"рука; оружие; рукав"
kolay,A1,колай,"лёгкий; простой; везти"
koltuk,A1,колтук,"диванный; мамкин; подмышка"
Komik,A1,комик,"забавный; прикольный"
konser,A1,консер,"договорённость; согласие"
kontrol etmek,A1,контрол этмек,"-ать; -еть"
konuşkan,A1,конушкан,"беседливый; болтливый"
KONUŞMA,A1,конушма,"диалог; беседа; вербальный"
konuşmak,A1,конушмак,"говорить"
Kore,A1,коре,"Корея; из; насчёт"
koridor,A1,коридор,"коридор"
korkmak,A1,коркмак,"-ать; -еть"
korumak,A1,корумак,"-ать; -еть"
koymak,A1,коймак,"-ать; -еть"
koşmak,A1,кошмак,"бег; пробежка; -ать"
kuaför,A1,куафёр,"парикмахерша; цирюльник"
Kulak,A1,кулак,"колос; початок; слышащий"
kullanmak,A1,кулланмак,"нанимать; нанять; использование"
kulüp,A1,кулюп,"бита; клюшка; общество"
kutlamak,A1,кутламак,"прославить; прославлять; -ать"
kutlu olmak,A1,кутлу олмак,"(нет перевода)"
kutu,A1,куту,"бокс; квадрат; влагалище"
kuyumcu,A1,куйумджу,"(нет перевода)"
Kuzen,A1,кузен,"двоюродная сестра; двоюродный брат"
kuş,A1,куш,"птица"
köpek,A1,кёпек,"собака"
Köprü,A1,кёпрю,"мост; переносица"
kötü,A1,кётю,"плохой"
köy,A1,кёй,"деревня; село; дехканин"
Köşe,A1,кёше,"угол; уголок"
kütüphane,A1,кютюпхане,"библиотека"
kırmızı,A1,кырмызы,"красный"
kıskanç,A1,кысканч,"ревнивый; ревнующий"
kız,A1,кыз,"девочка, дочь"
kız kardeş,A1,кыз кардеш,"сестра; медсестра"
Kızarmak,A1,кызармак,"-ать; -еть; из"
kızgın,A1,кызгын,"злой; гневный; перекрёстный"
lale,A1,лале,"тюльпан; добрый; добродушный"
lamba,A1,ламба,"лампа; лампочка; светлый"
Lezzetli,A1,леззетли,"вкусный; лакомый"
limon,A1,лимон,"лимон; фуфло"
lise,A1,лисе,"средняя школа; высокий; обдолбаный"
litre,A1,литре,"(нет перевода)"
lokanta,A1,локанта,"ресторан"
lütfen,A1,лютфен,"пожалуйста"
mahalle,A1,махалле,"(нет перевода)"
makas,A1,макас,"ножницы; железнодорожный путь; колея"
manav,A1,манав,"продавец овощей и фруктов; овощной магазин"
manto,A1,манто,"манто; мантия"
Manzara,A1,манзара,"вид; взгляд"
Marka,A1,марка,"клеймо; тавро; товарный знак"
market,A1,маркет,"магазин"
masa,A1,маса,"стол"
maç,A1,мач,"матч; соревнование"
mağaza,A1,мааза,"магазин; бутик; кладовая"
mektup,A1,мектуп,"буква; литера"
memur,A1,мемур,"госслужащий; государственный служащий; гражданский"
Mercimek çorbası,A1,мерджимек чорбасы,"(нет перевода)"
merdiven,A1,мердивен,"ступень; ступенька; лестница"
metro,A1,метро,"метро; метрополитен; мер"
Meydan,A1,мейдан,"квадратный; квадрат; арена"
meşgul,A1,мешгул,"деятельный; занятый"
millet,A1,миллет,"нация; народ"
misal,A1,мисал,"пример; образец; роль"
mutfak,A1,мутфак,"кухня; кулинария"
mutlu,A1,мутлу,"счастливый; радостный; кто-то"
mutsuz,A1,мутсуз,"грустный; печальный"
mühendis,A1,мюхендис,"машинист; инженер"
müsait,A1,мюсаит,"годный; подходящий; действительный"
müşteri,A1,мюштери,"клиент; заказчик; заказчица"
nar,A1,нар,"гранат; гранатовое дерево; опечатка"
nefes,A1,нефес,"вздох; дыхание"
nefret etmek,A1,нефрет этмек,"-ать; -еть"
Nehir,A1,нехир,"река; речка"
nerede,A1,нереде,"где"
nesne,A1,несне,"объект; вещь"
Nijerya,A1,нижерйа,"Нигерия"
niçin,A1,ничин,"почему; зачем"
normal,A1,нормал,"нормальный; обычный; регулярный"
numara,A1,нумара,"число; количество; фишка"
ocak,A1,оджак,"печка; плитка; труба"
oda,A1,ода,"возможность; место"
ofis,A1,офис,"обряд; служба"
okumak,A1,окумак,"читать"
olmak,A1,олмак,"быть, становиться"
omuz,A1,омуз,"лопатка; плечо"
opera,A1,опера,"опера; оперный театр"
orada,A1,орада,"там"
orman,A1,орман,"лес"
Orta,A1,орта,"центральный; средний; середина"
ortaokul,A1,ортаокул,"средняя школа; средний; середина"
otel,A1,отел,"гостиница; отель"
otobüs,A1,отобюс,"автобус"
oturmak,A1,отурмак,"сидеть, жить"
oynamak,A1,ойнамак,"-ать; -еть"
pahalı,A1,пахалы,"дорогой"
paket,A1,пакет,"пакет; пачка"
para,A1,пара,"деньги"
para çekmek,A1,пара чекмек,"(нет перевода)"
pardösü,A1,пардёсю,"шинель; пальто"
park,A1,парк,"парк; парковать"
Parmak,A1,пармак,"перст; палец"
pastane,A1,пастане,"кондитерская"
patates,A1,пататес,"картофель; картофелина"
Patlıcan,A1,патлыджан,"бадриджан; баклажан"
pembe,A1,пембе,"розовый; гвоздика"
pencere,A1,пенджере,"окно"
petrol,A1,петрол,"(нет перевода)"
pijama,A1,пижама,"(нет перевода)"
piyano,A1,пийано,"пиано; пианино"
pişirmek,A1,пиширмек,"каузатив; каузативный залог"
Plan,A1,план,"план; схема"
polis,A1,полис,"полиция; милиция; полицейский"
portakal,A1,портакал,"оранжевый; апельсин"
postacı,A1,постаджы,"письмоносец; почтальон"
postane,A1,постане,"почтамт; главпочтамт; пост"
projektör,A1,прожектёр,"проектор"
psikolog,A1,псиколог,"психолог"
radyo,A1,радйо,"радио; радиовещание"
Rapor,A1,рапор,"отчёт; доклад; врачебный"
Renk,A1,ренк,"цвет"
resepsiyonist,A1,ресепсийонист,"(нет перевода)"
resim,A1,ресим,"изображение; картина; живопись"
restoran,A1,ресторан,"ресторан"
Reçete,A1,речете,"рецепт; предписание"
rol,A1,рол,"роль; должность"
roman,A1,роман,"новый; оригинальный"
Rusya,A1,русйа,"Россия; Русь"
saat,A1,саат,"час, часы"
sabah,A1,сабах,"утро; время до полудня; за"
sabahları,A1,сабахлары,"(нет перевода)"
sakin,A1,сакин,"спокойный; тихий; жилец"
Sallanmak,A1,салланмак,"ибо; из-за того, что; -ать"
salon,A1,салон,"гостиная; зал; жизненный"
Salıncak,A1,салынджак,"взмах; замах"
sandalye,A1,сандалйе,"стул"
sanmak,A1,санмак,"догадка; гадать; предполагать"
satranç,A1,сатранч,"шахматы"
satın almak,A1,сатын алмак,"-ать; -еть"
sayı,A1,сайы,"число; количество; вытекание"
saç,A1,сач,"волос; волосина"
Sağ,A1,са,"правильный; правый; жизненный"
sağlıklı,A1,салыклы,"здоровый; полезный"
sefer,A1,сефер,"вояж; поездка; экспедиция"
sehpa,A1,сехпа,"тренога; треножник; козлы"
sekreter,A1,секретер,"секретарша; секретарь"
sembol,A1,сембол,"знак; символ"
semt,A1,семт,"(одна) четвёртая (часть); квартал; дистрикт"
sergi,A1,серги,"(нет перевода)"
Sessiz,A1,сессиз,"молчать; тихий; молчаливый"
sevmek,A1,севмек,"любить"
seyahat,A1,сейахат,"вояж; плавание"
silgi,A1,силги,"резинка; ластик"
sinirli,A1,синирли,"злой; гневный"
site,A1,сите,"закрытый жилой комплекс; охраняемый жилой комплекс; жильё"
sohbet etmek,A1,сохбет этмек,"-ать; -еть"
sokak,A1,сокак,"улица"
Sol,A1,сол,"левый; либеральный; соль"
sormak,A1,сормак,"спрашивать; спросить; -ать"
soru,A1,сору,"вопрос; предмет"
sorun,A1,сорун,"проблема; задание"
Sosyal,A1,сосйал,"общительный; социальный"
soyadı,A1,сойады,"фамилия; прозвище"
spor yapmak,A1,спор йапмак,"(нет перевода)"
stres atmak,A1,стрес атмак,"(нет перевода)"
Suriye,A1,сурийе,"Сирия"
söylemek,A1,сёйлемек,"скажем; право голоса; телль"
sözlük,A1,сёзлюк,"словарь; лексикон"
sürmek,A1,сюрмек,"-ать; -еть; из"
sıcak,A1,сыджак,"горячий, тёплый"
sıkılmak,A1,сыкылмак,"пассивный; бездеятельный; -ать"
sıra,A1,сыра,"скамейка; лавка; тяга к поясу"
tabak,A1,табак,"тарелка; блюдо; миска"
Tahmin,A1,тахмин,"догадка; гадать"
tahta,A1,тахта,"доска; коммутатор; дерево"
Tansiyon ölçtürmek,A1,тансийон ёлчтюрмек,"(нет перевода)"
tanımak,A1,танымак,"знать; ведать; -ать"
tanışmak,A1,танышмак,"-ать; -еть"
tarih,A1,тарих,"финик; дата; история"
Tarihi,A1,тарихи,"изменение формы слова; окончание; определённый"
Tartılmak,A1,тартылмак,"(нет перевода)"
tatil,A1,татил,"каникулы; отпуск; оплошность"
tavuk,A1,тавук,"курица; курочка; цыплёнок"
Tedavi olmak,A1,тедави олмак,"(нет перевода)"
tehlikeli,A1,техликели,"опасный; рискованный"
tekrar etmek,A1,текрар этмек,"-ать; -еть"
telefon,A1,телефон,"телефон; позвонить по телефону"
telefon etmek,A1,телефон этмек,"-ать; -еть"
tembel,A1,тембел,"ленивый; амблиопи"
temiz,A1,темиз,"чистый; ровный; опрятный"
temizlemek,A1,темизлемек,"-ать; -еть"
Ten,A1,тен,"кожа; шкура; кузов"
teneffüs,A1,тенеффюс,"углубление; каникулы; дыхание"
terlik,A1,терлик,"тапочки; тапки"
Terzi,A1,терзи,"портной; портниха"
teyze,A1,тейзе,"тётя; тётка; материнский"
tezgâhtar,A1,тезгахтар,"(нет перевода)"
tiyatro,A1,тийатро,"театр"
top,A1,топ,"орудие; пушка; ружьё"
toplamak,A1,топламак,"коллекта; краткая молитва; аккумулировать"
tur,A1,тур,"поездка; путешествие; поворот"
turist,A1,турист,"путешественник; путешественница"
tuzlu,A1,тузлу,"солёный; соляной; дорогой"
tür,A1,тюр,"добрый; добродушный; жанр"
Türkiye,A1,тюркийе,"Турция"
tırmanmak,A1,тырманмак,"восхождение; подъём; -ать"
ucuz,A1,уджуз,"дешёвый"
uygun,A1,уйгун,"приятный; милый; забавный"
uyumak,A1,уйумак,"спать"
uzak,A1,узак,"далёкий; отдалённый; дальний"
uzanmak,A1,узанмак,"-ать; -еть"
uçak,A1,учак,"самолёт"
uçurtma,A1,учуртма,"коршун; змей"
vagon,A1,вагон,"воз; повозка"
vapur,A1,вапур,"пароход; паром"
var,A1,вар,"есть (имеется)"
varmak,A1,вармак,"-ать; -еть; использованный"
vazo,A1,вазо,"ваза"
vedalaşmak,A1,ведалашмак,"-ать; -еть"
vermek,A1,вермек,"давать"
Vücut,A1,вюджут,"кузов; тело; людской"
yabancı,A1,йабанджы,"незнакомец; незнакомка; иноземец"
yabancı dil,A1,йабанджы дил,"иностранный язык; иностранный; заграничный"
yakmak,A1,йакмак,"-ать; -еть"
yakın,A1,йакын,"ближний; близкий; относительный"
yalan,A1,йалан,"ложь; враньё; фальшивый"
yanlış,A1,йанлыш,"ошибка; отклонение; фальшивый"
yapmak,A1,йапмак,"делать"
yaramaz,A1,йарамаз,"бесполезный; ненужный; никчёмный"
yardım etmek,A1,йардым этмек,"-ать; -еть"
yardım istemek,A1,йардым истемек,"(нет перевода)"
yastık,A1,йастык,"подушка"
yatmak,A1,йатмак,"-ать; -еть"
Yavaş,A1,йаваш,"медленный; замедлять; спокойный"
yazmak,A1,йазмак,"писать"
yazı tahtası,A1,йазы тахтасы,"(нет перевода)"
yaş,A1,йаш,"возраст; год; свежий"
yaşamak,A1,йашамак,"живой; в прямом эфире; -ать"
yaşlanmak,A1,йашланмак,"-ать; -еть"
yaşlı,A1,йашлы,"старый; пожилой"
yemek,A1,йемек,"есть, еда"
yemekhane,A1,йемекхане,"столовая; трапезная"
Yenge,A1,йенге,"тётя; женский; самка"
yeni,A1,йени,"новый"
yeni yıl,A1,йени йыл,"(нет перевода)"
yenmek,A1,йенмек,"-ать; -еть"
yer,A1,йер,"дом; жилище; молотый"
yiyecek,A1,йийеджек,"пища; корм"
yok,A1,йок,"нет (отсутствует)"
yolcu,A1,йолджу,"пассажир; пассажирка"
yorgun,A1,йоргун,"утомлённый; усталый"
yorulmak,A1,йорулмак,"-ать; -еть"
yorum,A1,йорум,"комментарий; замечание; наблюдение"
yoğun,A1,йоун,"интенсивный; сильный; густой"
Yukarı,A1,йукары,"высокий; обдолбаный; верхний"
Yukarıdaki sıfatları kullanalım ve,A1,йукарыдаки сыфатлары кулланалым ве,"(нет перевода)"
yurt,A1,йурт,"он; единственный"
yürümek,A1,йюрюмек,"март; марш; прогулка"
yüzmek,A1,йюзмек,"плот; поплавок; плыть"
yüzük,A1,йюзюк,"банда; группировка"
yıkamak,A1,йыкамак,"-ать; -еть"
yıl,A1,йыл,"год"
yıldız,A1,йылдыз,"гороскоп; звезда; звёздочка"
zaman,A1,заман,"время; час; длительность"
zamir,A1,замир,"местоимение"
zayıf,A1,зайыф,"слабый; правильный; стройный"
zengin,A1,зенгин,"богатый; зажиточный"
zevkli,A1,зевкли,"забавный; приятный; изящный"
zeytin,A1,зейтин,"оливковый; оливка"
ziyaret etmek,A1,зийарет этмек,"-ать; -еть"
Ziyarete gelmek,A1,зийарете гелмек,"(нет перевода)"
zürafa,A1,зюрафа,"жираф; гираф"
çalmak,A1,чалмак,"-ать; -еть"
Çalışkan,A1,чалышкан,"прилежный; работящий"
çalışmak,A1,чалышмак,"работать, учиться"
çamaşır,A1,чамашыр,"прачечная; стирка"
çanta,A1,чанта,"пакет; тема"
çarpı,A1,чарпы,"знак умножения; умножение; увеличение"
çarşamba,A1,чаршамба,"среда"
çarşı,A1,чаршы,"базар; рынок; красивый"
çay,A1,чай,"чай"
Çene,A1,чене,"челюсть; челюстная кость; подбородок"
Çevre,A1,чевре,"окружающая среда; экосистема"
çeyrek,A1,чейрек,"(одна) четвёртая (часть); квартал"
çeşitli,A1,чешитли,"(нет перевода)"
Çiftçi,A1,чифтчи,"Плужников; дехканин"
Çin,A1,чин,"Китай; Поднебесная"
çirkin,A1,чиркин,"безобразный; некрасивый"
çiçek,A1,чичек,"цветок; цветы; период цветения"
çocuk,A1,чоджук,"ребёнок"
çok,A1,чок,"очень, много"
çorba,A1,чорба,"суп; похлёбка"
çoşku,A1,чошку,"(нет перевода)"
çöp kutusu,A1,чёп кутусу,"мусор; дрянь"
çünkü,A1,чюнкю,"как; так; из-за"
çıkmak,A1,чыкмак,"выход; выезд; -ать"
Öksürmek,A1,ёксюрмек,"-ать; -еть"
Ön,A1,ён,"передний; передняя часть"
önemli,A1,ёнемли,"важный; значимый"
önemsiz,A1,ёнемсиз,"неважный"
öpmek,A1,ёпмек,"-ать; -еть"
ördek,A1,ёрдек,"утка; качка; кровать"
özlemek,A1,ёзлемек,"-ать; -еть"
öğleden sonra,A1,ёйледен сонра,"вторая половина дня; пополудни; за"
öğlen,A1,ёйлен,"на"
öğrenci,A1,ёйренджи,"ученик"
öğrenci işleri,A1,ёйренджи ишлери,"(нет перевода)"
öğrenmek,A1,ёйренмек,"учиться; учить; -ать"
öğretmek,A1,ёйретмек,"-ать; -еть"
öğretmen,A1,ёйретмен,"учитель"
üniversite,A1,юниверсите,"университет"
üst,A1,юст,"что-то; кое-что; франшиза"
ütü,A1,ютю,"железный; железо"
üzüm,A1,юзюм,"виноград; виноградина"
ıspanak,A1,ыспанак,"шпинат"
ızgara,A1,ызгара,"решётка; барбекю"
şarkı,A1,шаркы,"песнь; песня; обвинительный"
şarkıcı,A1,шаркыджы,"вокалист; вокалистка"
şehir,A1,шехир,"город"
Şeker,A1,шекер,"добродушный; дружественный; блин"
şemsiye,A1,шемсийе,"зонт; зонтик"
şiir,A1,шиир,"стих; поэма"
Şikâyet,A1,шикайет,"жалоба; нарекание; дилатация"
şimdi,A1,шимди,"сейчас"
şirket,A1,ширкет,"компания; общество; крепкий"
şişe,A1,шише,"охапка (сена); сноп; дательный"
şişman,A1,шишман,"толстый; жирный"
acele,A2,аджеле,"спешка; крепкий; прочный"
acele etmek,A2,аджеле этмек,"-ать; -еть"
ada,A2,ада,"остров; покрыть; Сити"
affetmek,A2,аффетмек,"-ать; -еть"
afiş,A2,афиш,"афиша; постер; объявление"
ahşap,A2,ахшап,"деревянный"
alay etmek,A2,алай этмек,"-ать; -еть"
alaycı,A2,алайджы,"насмешливый; смехотворный"
alkollü,A2,алколлю,"алкогольный; алкоголик"
altın,A2,алтын,"нанаец; нанайка; родительный"
alışkanlık,A2,алышканлык,"обычай; привычка"
ambulans,A2,амбуланс,"скорая помощь; автомобиль скорой помощи"
ampul,A2,ампул,"ампула"
ana yemek,A2,ана йемек,"(нет перевода)"
aniden,A2,аниден,"вдруг; внезапно"
animasyon,A2,анимасйон,"одушевление; оживление"
anlam,A2,анлам,"смысл; значение; цель"
anlatmak,A2,анлатмак,"-ать; -еть"
anırmak,A2,анырмак,"-ать; -еть"
apartman,A2,апартман,"жилой дом; многоквартирный дом; апартамент"
aptal,A2,аптал,"глупый; дурной; балбес"
ara vermek,A2,ара вермек,"(нет перевода)"
artmak,A2,артмак,"-ать; -еть"
as,A2,ас,"горностай; ласка; увиливать"
asansör,A2,асансёр,"подъёмная сила; лифт"
asker,A2,аскер,"войско; войска; пешка"
atmosfer,A2,атмосфер,"атмосфера; настрой"
Avrupa,A2,аврупа,"Европа"
avuç,A2,авуч,"длань; ладонь; горсть"
ayaküstü,A2,айакюстю,"без; внутри"
ayran,A2,айран,"айран"
azalmak,A2,азалмак,"-ать; -еть"
açma,A2,ачма,"(нет перевода)"
aşk,A2,ашк,"ноль; любовь"
aşçı,A2,ашчы,"кок; кухарка"
bagaj,A2,багаж,"кладь; багаж"
baharatlı,A2,бахаратлы,"острый; пряный"
baklagil,A2,баклагил,"(нет перевода)"
baklava,A2,баклава,"баклава; пахлава; квадратик"
bakıcı,A2,бакыджы,"нянечка; нянька"
bal,A2,бал,"медовый; мёд"
balık tutmak,A2,балык тутмак,"(нет перевода)"
bambu,A2,бамбу,"бамбуковый; бамбук"
banka kartı,A2,банка карты,"(нет перевода)"
basmak,A2,басмак,"-ать; -еть; из"
bastırmak,A2,бастырмак,"каузатив; каузативный залог; -ать"
batmak,A2,батмак,"-ать; -еть"
bağlamak,A2,баламак,"-ать; -еть"
bağımlılık,A2,баымлылык,"зависимость; аддикция"
başbakan,A2,башбакан,"второе лицо; глава правительства; первоклассный"
bedesten,A2,бедестен,"(нет перевода)"
belediye,A2,беледийе,"коммуна; муниципалитет"
belgesel,A2,белгесел,"документальный; документальный фильм"
beslenme,A2,бесленме,"вербальный; словесный"
beyaz,A2,бейаз,"белый"
bez,A2,без,"ткань; материя; железа"
biber,A2,бибер,"перец; чёрный перец"
bilgi vermek,A2,билги вермек,"(нет перевода)"
bilgin,A2,билгин,"(нет перевода)"
bilim kurgu,A2,билим кургу,"научная фантастика; фантастика; наука"
bilimsel gerçek,A2,билимсел герчек,"(нет перевода)"
bilmece,A2,билмедже,"загадка; просеивать; головоломка"
bitirmek,A2,битирмек,"каузатив; каузативный залог"
bol,A2,бол,"непривязанный; неприкреплённый; изобилующий"
bolca,A2,болджа,"(нет перевода)"
bordo,A2,бордо,"бордо; кларет"
borç vermek,A2,борч вермек,"(нет перевода)"
boyamak,A2,бойамак,"-ать; -еть"
bozulmak,A2,бозулмак,"-ать; -еть"
boğulmak,A2,боулмак,"пассивный; бездеятельный; -ать"
briç,A2,брич,"контракт; договор"
bulmaca,A2,булмаджа,"загадка; затруднение"
bulut,A2,булут,"облако; туча"
buluş,A2,булуш,"изобретение; изобретательность"
burs vermek,A2,бурс вермек,"(нет перевода)"
bölge,A2,бёлге,"район; край; площадь"
börek,A2,бёрек,"бурек"
bülbül,A2,бюлбюл,"соловей; соловейко; европейский"
bıkmak,A2,быкмак,"-ать; -еть"
bıyık,A2,быйык,"ус; усы; бакенбарды"
cankurtaran,A2,джанкуртаран,"спасатель; спасательница; скорая помощь"
cin,A2,джин,"джинн; дух; джин"
cisim,A2,джисим,"вещество; материя; поле"
cömert,A2,джёмерт,"великодушный; щедрый; эффективный"
dalgalı,A2,далгалы,"колеблющийся; волнистый"
dalmak,A2,далмак,"-ать; -еть"
damar,A2,дамар,"вена; жила"
damlacık,A2,дамладжык,"капелька"
dayanmak,A2,дайанмак,"пассивный; бездеятельный; возвратный"
dağ,A2,да,"гора"
dağıtmak,A2,даытмак,"-ать; -еть"
dedikodu,A2,дедикоду,"сплетник; болтун"
dekoratif,A2,декоратиф,"декоративный"
delikanlı,A2,деликанлы,"молодой; младой; честный"
demet,A2,демет,"пук; вязанка; сноп"
demokrasi,A2,демокраси,"демократия; народовластие"
denemek,A2,денемек,"-ать; -еть"
deney,A2,деней,"эксперимент; опыт"
deneyim,A2,денейим,"опыт; переживание"
dengesiz,A2,денгесиз,"(нет перевода)"
deprem,A2,депрем,"землетрясение"
derbi,A2,дерби,"(нет перевода)"
desen,A2,десен,"выкройка; лекало"
destek vermek,A2,дестек вермек,"(нет перевода)"
devam et,A2,девам эт,"(нет перевода)"
deve,A2,деве,"верблюд; дательный; дательный падеж"
dikey,A2,дикей,"перпендикулярный; перпендикуляр; вертикальный"
dikiş dikmek,A2,дикиш дикмек,"(нет перевода)"
dikkat etmek,A2,диккат этмек,"-ать; -еть"
dilim,A2,дилим,"ломоть; кусок"
diyar,A2,дийар,"деревенский; сельский"
dizilmek,A2,дизилмек,"-ать; -еть"
dizmek,A2,дизмек,"-ать; -еть"
doldurmak,A2,долдурмак,"каузатив; каузативный залог; -ать"
donmak,A2,донмак,"заморозки; морозы; -ать"
dosdoğru,A2,досдору,"интенсивный"
doymak,A2,доймак,"не; а не; -ать"
doğa,A2,доа,"природа; натура"
doğa olayı,A2,доа олайы,"(нет перевода)"
doğramak,A2,дорамак,"-ать; -еть"
duymak,A2,дуймак,"-ать; -еть"
dökmek,A2,дёкмек,"-ать; -еть"
döner,A2,дёнер,"многоточие; опущение"
döviz,A2,дёвиз,"ещё; какой-нибудь; иностранная валюта"
dük,A2,дюк,"князь; воевода"
dünya,A2,дюнйа,"мир; свет; Земля"
dürüst,A2,дюрюст,"честный; искренний"
düzenlemek,A2,дюзенлемек,"располагать; расположить; -ать"
düşes,A2,дюшес,"герцогиня; княгиня; женский"
düşünceli,A2,дюшюнджели,"вдумчивый; внимательный; беспокойный"
düşünmek,A2,дюшюнмек,"обдумывание; размышление; -ать"
dışkı,A2,дышкы,"кал; испражнение"
ecza dolabı,A2,эджза долабы,"(нет перевода)"
efsane,A2,эфсане,"рассказ; байка; нелепый"
egzersiz,A2,эгзерсиз,"упражнение; практика"
ehliyet,A2,эхлийет,"способность; компетентность; движущий"
ekip,A2,экип,"банда; компания; упряжка"
eklemek,A2,эклемек,"-ать; -еть"
ela,A2,эла,"из; насчёт; болотный"
eldiven,A2,элдивен,"перчатка; рукавица"
elektrik enerjisi,A2,электрик энержиси,"(нет перевода)"
emir,A2,эмир,"команда; наказ; порядок"
enerjik,A2,энержик,"энергичный; активный"
erişkin,A2,эришкин,"(нет перевода)"
esnek,A2,эснек,"гибкий; эластичный"
esprili,A2,эсприли,"остроумный; смышлёный"
et,A2,эт,"едва достаточный; голый"
etkinlik,A2,эткинлик,"деятельность; активность; происшествие"
etraf,A2,этраф,"окружающая среда; экосистема"
ev planı,A2,эв планы,"(нет перевода)"
evliya,A2,эвлийа,"святой; святая"
fal,A2,фал,"судьба; рок"
farkında olmak,A2,фаркында олмак,"-ать; -еть"
fay,A2,фай,"вина; дефект"
faydalı,A2,файдалы,"нелишний; полезный; выгодный"
ferah,A2,ферах,"состояние; государство; мирный"
festival,A2,фестивал,"празднество; праздник"
fethetmek,A2,фетхетмек,"-ать; -еть"
form,A2,форм,"фигура; форма"
fıkra,A2,фыкра,"анекдот; забавная история; параграф"
fırsatçı,A2,фырсатчы,"товар, купленный по дешёвке; сделка; оппортунист"
fırtına,A2,фыртына,"шторм; буря"
fırçalamak,A2,фырчаламак,"-ать; -еть"
fışkırmak,A2,фышкырмак,"(нет перевода)"
gazetecilik,A2,газетеджилик,"(нет перевода)"
gece,A2,гедже,"ночь; вечер; на"
gelenek,A2,геленек,"традиция; предание"
geleneksel,A2,геленексел,"традиционный"
genişlik,A2,генишлик,"ширина; широта"
gerekli,A2,герекли,"необходимый; нужный"
gerçekleştirmek,A2,герчеклештирмек,"-ать; -еть; каузатив"
geç kalmak,A2,геч калмак,"-ать; -еть"
geçirmek,A2,гечирмек,"каузатив; каузативный залог; -ать"
gitar çalmak,A2,гитар чалмак,"(нет перевода)"
giyinmek,A2,гийинмек,"-ать; -еть"
gişe memuru,A2,гише мемуру,"(нет перевода)"
gökkuşağı,A2,гёккушаы,"радуга; весёлка"
gökyüzü,A2,гёкйюзю,"небо; небеса"
göz kırpmak,A2,гёз кырпмак,"-ать; -еть"
gözleme,A2,гёзлеме,"вербальный; словесный; наблюдение"
gözlük,A2,гёзлюк,"очки"
güneş,A2,гюнеш,"солнце"
güneşlenmek,A2,гюнешленмек,"-ать; -еть"
güneşli,A2,гюнешли,"солнечный"
günlük,A2,гюнлюк,"ежедневный; ежесуточный; из"
gürültü,A2,гюрюлтю,"затруднение; шум; галдёж"
güvenilir,A2,гювенилир,"надёжный"
güvenmek,A2,гювенмек,"-ать; -еть"
güverte,A2,гюверте,"дек; палуба"
han,A2,хан,"хан; каган; караван-сарай"
hapşırmak,A2,хапшырмак,"-ать; -еть"
harika,A2,харика,"великолепный; замечательный"
hat,A2,хат,"линия; прямая; запись"
hatırlamak,A2,хатырламак,"-ать; -еть"
hayalci,A2,хайалджи,"(нет перевода)"
hayran,A2,хайран,"обожатель; обожательница"
hayvan,A2,хайван,"звериный; животный; Зверь"
haşlamak,A2,хашламак,"-ать; -еть"
heyecan,A2,хейеджан,"волнение; азарт; синоним"
hizmetçi,A2,хизметчи,"слуга; прислужник"
hobi,A2,хоби,"конёк; увлечение"
hokkabaz,A2,хоккабаз,"жонглёр; жонглёрша"
horlamak,A2,хорламак,"-ать; -еть"
hortum,A2,хортум,"морда; рубильник; шланг"
hoş görmek,A2,хош гёрмек,"(нет перевода)"
huzurlu,A2,хузурлу,"мирный; спокойный"
hüküm vermek,A2,хюкюм вермек,"-ать; -еть"
hükümdar,A2,хюкюмдар,"(нет перевода)"
hırsız,A2,хырсыз,"вор; воришка"
icat,A2,иджат,"изобретение; изобретательность"
icat etmek,A2,иджат этмек,"(нет перевода)"
idareci,A2,идареджи,"директор; директриса"
ihmal etmek,A2,ихмал этмек,"-ать; -еть"
ihtimal,A2,ихтимал,"возможность"
ihtiyaç,A2,ихтийач,"нужда; необходимость"
iklim,A2,иклим,"климат"
ikna etmek,A2,икна этмек,"-ать; -еть"
ilan,A2,илан,"н. э; нашей эры; реклама"
ilave etmek,A2,илаве этмек,"-ать; -еть"
ilaç,A2,илач,"лекарство; лекарственное средство; пестицид"
ilerlemek,A2,илерлемек,"-ать; -еть"
iletişim,A2,илетишим,"передача; распространение"
ilgilenmek,A2,илгиленмек,"-ать; -еть"
ilginç,A2,илгинч,"интересный; занятный"
ilk,A2,илк,"первый; в первую очередь; девственный"
imzalamak,A2,имзаламак,"-ать; -еть"
inanç,A2,инанч,"вера; доверие; уверенность"
inatçı,A2,инатчы,"упорный; упёртый"
incelemek,A2,инджелемек,"-ать; -еть"
incitmek,A2,инджитмек,"каузатив; каузативный залог"
inşaat,A2,иншаат,"конструкция; построение; строительство"
iptal olmak,A2,иптал олмак,"(нет перевода)"
iskele,A2,искеле,"док; пристань; дорога"
iskelet,A2,искелет,"скелет; скелетон"
istek,A2,истек,"жажда; желание; желать"
isyan etmek,A2,исйан этмек,"-ать; -еть"
itfaiyeci,A2,итфаийеджи,"огнеборец; пожарная"
itmek,A2,итмек,"-ать; -еть"
iyileşmek,A2,ийилешмек,"-ать; -еть"
izin,A2,изин,"позволение; разрешение; отпуск"
izleyici,A2,излейиджи,"зевака; зритель"
işaretlemek,A2,ишаретлемек,"-ать; -еть"
İhtiyaç,A2,ихтийач,"(нет перевода)"
jimnastik,A2,жимнастик,"гимнастика"
kaban,A2,кабан,"пальто; пиджак"
kadayıf,A2,кадайыф,"разный; различный"
kadeh,A2,кадех,"стекло; бокал"
kahkaha,A2,кахкаха,"смех; хохот"
kahraman,A2,кахраман,"герой; главный герой; главная героиня"
kalsiyum,A2,калсийум,"кальций"
kampanya,A2,кампанйа,"кампания; поход; особый"
kanat,A2,канат,"крыло; авиаполк; плавник"
kap,A2,кап,"корабль; судно; обложечный"
kaplumbağa,A2,каплумбаа,"желвь; черепаха"
kapıcı,A2,капыджы,"портье; привратник"
kar,A2,кар,"снег; снегопад"
karabiber,A2,карабибер,"чёрный перец; чёрный; вороной"
karanlık,A2,каранлык,"тёмный; мрачный; тьма"
karar,A2,карар,"решение; урегулирование"
karar vermek,A2,карар вермек,"-ать; -еть"
karizmatik,A2,каризматик,"(нет перевода)"
karpuz,A2,карпуз,"арбуз; люстра"
kartopu oynamak,A2,картопу ойнамак,"(нет перевода)"
karınca,A2,карынджа,"муравей; мурашка"
karşılaşmak,A2,каршылашмак,"-ать; -еть"
kasaba,A2,касаба,"касба; град; город"
katedral,A2,катедрал,"кафедральный собор; собор"
katmer,A2,катмер,"(нет перевода)"
kaval,A2,кавал,"(нет перевода)"
kavga etmek,A2,кавга этмек,"(нет перевода)"
kayak yapmak,A2,кайак йапмак,"(нет перевода)"
kaybolmak,A2,кайболмак,"-ать; -еть"
kaymak,A2,каймак,"каймак; лучший; наилучший"
kaynamak,A2,кайнамак,"-ать; -еть"
kaynatmak,A2,кайнатмак,"-ать; -еть"
kazak,A2,казак,"пуловер; свитер; крутой парень"
kazanmak,A2,казанмак,"-ать; -еть"
kaçmak,A2,качмак,"-ать; -еть"
kekik,A2,кекик,"тимьян; чабрец"
kemer,A2,кемер,"пояс; ремень; арх"
kemik,A2,кемик,"кость; косточка"
kenar,A2,кенар,"бок; сторона"
kestane,A2,кестане,"каштановый; каштан; конский каштан"
keşfetmek,A2,кешфетмек,"-ать; -еть"
kilogram,A2,килограм,"кило; килограмм"
klasik,A2,класик,"классический"
klinik,A2,клиник,"клиника; амбулатория; клинический"
klozet,A2,клозет,"туалет; клозет"
kokoreç,A2,кокореч,"(нет перевода)"
koleksiyon,A2,колексийон,"коллекционирование; собирание"
kolesterol,A2,колестерол,"(нет перевода)"
komedi,A2,комеди,"комедия"
komutan,A2,комутан,"военачальник; командир"
konfeksiyon,A2,конфексийон,"(нет перевода)"
konforlu,A2,конфорлу,"комфортабельный; удобный"
kongre,A2,конгре,"Конгресс; конгресс; договор"
kopmak,A2,копмак,"-ать; -еть; перерыв"
korkak,A2,коркак,"трусливый; малодушный; трус"
korku,A2,корку,"страх; боязнь"
koyun,A2,койун,"овца; агнец; переходный"
kredi almak,A2,креди алмак,"(нет перевода)"
kristal,A2,кристал,"кристалл; горный хрусталь"
kum,A2,кум,"песок; песочный; жёсткий"
kum fırtınası,A2,кум фыртынасы,"песчаная буря"
kumpir,A2,кумпир,"печёная картошка; печёный картофель; запечённый"
kurabiye,A2,курабийе,"бисквит; печенье"
kurak,A2,курак,"сухой; высохнуть"
kuraklık,A2,кураклык,"сушь; засуха"
kurnaz,A2,курназ,"коварный; лукавый"
kuruyemiş,A2,куруйемиш,"(нет перевода)"
kutlama,A2,кутлама,"вербальный; словесный; празднование"
kutsal,A2,кутсал,"святой; священный; неприкосновенный"
kuşbaşı,A2,кушбашы,"мясо; мякоть"
kâse,A2,касе,"миска; пиала"
köfte,A2,кёфте,"кюфта; тефтели"
közlemek,A2,кёзлемек,"(нет перевода)"
köçek,A2,кёчек,"за"
köşk,A2,кёшк,"вилла; загородный дом; сад"
kültür,A2,кюлтюр,"культура"
küp,A2,кюп,"большой; крупный; куб"
kürek çekmek,A2,кюрек чекмек,"(нет перевода)"
küsmek,A2,кюсмек,"-ать; -еть"
kımıldamak,A2,кымылдамак,"-ать; -еть"
kırık,A2,кырык,"сломанный; из; насчёт"
kısım,A2,кысым,"глава; раздел; отрезок"
kıtlık,A2,кытлык,"недостаток; нехватка; Голод"
kıyma,A2,кыйма,"(нет перевода)"
kıymet,A2,кыймет,"ценность; важность"
kıyı,A2,кыйы,"побережье; морской берег; приморский"
kızartmak,A2,кызартмак,"-ать; -еть"
kızmak,A2,кызмак,"-ать; -еть; не"
kızıl,A2,кызыл,"яркий; светлый; рыжий"
lacivert,A2,ладживерт,"синий; тёмно-синий; ВМФ"
lahmacun,A2,лахмаджун,"лахмаджун"
lakap,A2,лакап,"прозвище"
lazım,A2,лазым,"необходимый; нужный"
levha,A2,левха,"надпись; посвящение; живопись"
lodos,A2,лодос,"ветер; дух"
lokum,A2,локум,"лукум; рахат-лукум; турецкий"
macera,A2,маджера,"дело; дельце; предприятие"
madde,A2,мадде,"тинг; вещь; статья"
magazin,A2,магазин,"(нет перевода)"
mahalli,A2,махалли,"определённый; ясный"
makarna,A2,макарна,"макаронные изделия; макароны; итальянский"
makyaj,A2,макйаж,"состав; строение; лифтинг"
malzeme,A2,малземе,"экипировка; оборудование; ингредиент"
martı,A2,марты,"чайка; обманывать"
maydanoz,A2,майданоз,"петрушка"
menü,A2,меню,"меню"
merak etmek,A2,мерак этмек,"-ать; -еть"
meraklı,A2,мераклы,"любопытный; интерес; заинтересованный"
merasim,A2,мерасим,"церемония; обряд"
mercimek,A2,мерджимек,"(нет перевода)"
mesai,A2,месаи,"работа; труд"
meslek,A2,меслек,"вероисповедание; обет"
mesut,A2,месут,"счастливый; радостный"
meteorolojik,A2,метеороложик,"(нет перевода)"
metre,A2,метре,"метр; правило; господство"
metrekare,A2,метрекаре,"квадратный метр; квадратный; квадрат"
metrobüs,A2,метробюс,"(нет перевода)"
mezun olmak,A2,мезун олмак,"(нет перевода)"
miktar,A2,миктар,"количество"
mimar,A2,мимар,"архитектор; архитекторка"
mizaç,A2,мизач,"(нет перевода)"
mobilya,A2,мобилйа,"предмет мебели; мебель"
mola vermek,A2,мола вермек,"(нет перевода)"
mucit,A2,муджит,"изобретатель; затейник"
muhteşem,A2,мухтешем,"захватывающий; импозантный"
mutlaka,A2,мутлака,"абсолютно; совершенно; наверняка"
müdür,A2,мюдюр,"директор; директриса"
müfettiş,A2,мюфеттиш,"инспектор; ревизор"
müze,A2,мюзе,"музей"
mısır,A2,мысыр,"Египет; зерно; мозоль"
nakit,A2,накит,"нал; наличные деньги"
nargile,A2,наргиле,"кальян"
naz,A2,наз,"(нет перевода)"
neden olmak,A2,неден олмак,"(нет перевода)"
nem,A2,нем,"влага; влажность; сырость"
nemli,A2,немли,"сырой"
neşeli,A2,нешели,"весёлый"
nişanlanmak,A2,нишанланмак,"-ать; -еть"
nişanlı,A2,нишанлы,"обручённая; обручённый"
numaralandırmak,A2,нумараландырмак,"(нет перевода)"
oda tutmak,A2,ода тутмак,"(нет перевода)"
okyanus,A2,окйанус,"океан"
oluşturmak,A2,олуштурмак,"-ать; -еть"
otopark,A2,отопарк,"автостоянка; паркинг; парковка"
oğul,A2,оул,"сын; сынок; потомок"
padişah,A2,падишах,"султан"
pamuk,A2,памук,"хлопковый; хлопчатый"
pansiyon,A2,пансийон,"посадка; абордаж"
para bozdurmak,A2,пара боздурмак,"(нет перевода)"
park etmek,A2,парк этмек,"-ать; -еть"
perde,A2,перде,"гардина; занавеска; парда"
peynir,A2,пейнир,"сыр; творог"
pide,A2,пиде,"(нет перевода)"
piramit,A2,пирамит,"пирамида"
pizza,A2,пизза,"пицца"
plaj,A2,плаж,"пляж; взморье; песочный"
polisiye,A2,полисийе,"полиция; милиция"
politika,A2,политика,"политика; курс; линия"
porsiyon,A2,порсийон,"(нет перевода)"
poğaça,A2,поача,"(нет перевода)"
problem çıkarmak,A2,проблем чыкармак,"(нет перевода)"
profil,A2,профил,"профиль; профилировать"
prospektüs,A2,проспектюс,"лекарство; медикамент; ещё"
protein,A2,протеин,"белок; протеин"
puan,A2,пуан,"полуостров; пункт"
radyo dalgası,A2,радйо далгасы,"(нет перевода)"
rahat,A2,рахат,"комфорт; удобство; комфортабельный"
rakip,A2,ракип,"соперник; конкурент"
refah,A2,рефах,"благополучие; социальная помощь"
rendelemek,A2,ренделемек,"-ать; -еть"
robot,A2,робот,"робот; многоточие; опущение"
romancı,A2,романджы,"(нет перевода)"
romantik,A2,романтик,"романтический; романтичный; романский"
romatizma,A2,роматизма,"(нет перевода)"
rütbe,A2,рютбе,"вонючий; прогорклый"
rüya,A2,рюйа,"сон; грёза"
rüzgâr,A2,рюзгар,"ветер; дух"
sabır,A2,сабыр,"терпение; терпеливость; воздержанность"
saf,A2,саф,"чистый; наивный; простодушный"
sahil,A2,сахил,"побережье; морской берег; приморский"
sakal,A2,сакал,"борода; брада; нежелаемый"
saklamak,A2,сакламак,"-ать; -еть"
salata,A2,салата,"салат; латук; синоним"
salyangoz,A2,салйангоз,"улитка; копуша"
saman,A2,саман,"соломенный; соломина; сено"
sanatçı,A2,санатчы,"художник; художница"
sandal,A2,сандал,"лодка; бот; сандалия"
saniye,A2,санийе,"второй; секундант"
santral görevlisi,A2,сантрал гёревлиси,"(нет перевода)"
sarı,A2,сары,"жёлтый"
satılık,A2,сатылык,"на продажу; продаваться; ибо"
satış,A2,сатыш,"предложение; предлагать"
saygı,A2,сайгы,"уважение; почтение"
sağanak,A2,саанак,"тяжёлый; тяжкий; внезапный"
sebze,A2,себзе,"овощной; растение"
sedefkâr,A2,седефкар,"(нет перевода)"
sel,A2,сел,"всемирный потоп; наводнение"
sene,A2,сене,"год; лет"
serin,A2,серин,"между; меж"
sevgi,A2,севги,"ноль; любовь"
sevimli,A2,севимли,"милый; симпатичный; очаровательный"
seyir,A2,сейир,"движение; часть; что-то"
seçim,A2,сечим,"выбор; выборы; избрание"
sifon,A2,сифон,"сифон"
sigara,A2,сигара,"папироса; сигарка"
sihirbaz,A2,сихирбаз,"волшебник; маг; ведьмак"
sihirli,A2,сихирли,"волшебный; магический"
silmek,A2,силмек,"-ать; -еть"
simit,A2,симит,"жизнь; живот"
sinyal,A2,синйал,"знак; сигнал"
sipariş,A2,сипариш,"порядок; команда"
sirk,A2,сирк,"цирк; круглая площадь"
sisli,A2,сисли,"туманный; мглистый"
siyah,A2,сийах,"чёрный"
siyasetçi,A2,сийасетчи,"политический деятель; политик"
soluklanmak,A2,солукланмак,"-ать; -еть"
sopa,A2,сопа,"палка; прут"
soslu,A2,сослу,"(нет перевода)"
sosyal paylaşım,A2,сосйал пайлашым,"(нет перевода)"
soğan,A2,соан,"лук; головка; луковица"
soğuk,A2,соук,"холодный"
stant,A2,стант,"стенд; будка"
su,A2,су,"вода"
söndürmek,A2,сёндюрмек,"-ать; -еть"
sörf,A2,сёрф,"сёрфинг; серфинг"
sözleşme,A2,сёзлешме,"вербальный; словесный; контракт"
süre,A2,сюре,"длительность; продолжительность"
sürtünmek,A2,сюртюнмек,"(нет перевода)"
sürü,A2,сюрю,"стадо; табун; ворох"
süslemek,A2,сюслемек,"-ать; -еть"
süzmek,A2,сюзмек,"-ать; -еть"
sıkıntı çekmek,A2,сыкынты чекмек,"(нет перевода)"
sıkışık,A2,сыкышык,"(нет перевода)"
sınav,A2,сынав,"тест; испытание"
sınır,A2,сыныр,"кордон; межа; предел"
sıradan,A2,сырадан,"обыкновенный; обычный"
sıralamak,A2,сыраламак,"-ать; -еть"
sıvı,A2,сывы,"жидкий; ликвидный"
sığmak,A2,сымак,"(нет перевода)"
tahmin etmek,A2,тахмин этмек,"-ать; -еть"
takip etmek,A2,такип этмек,"-ать; -еть; ибо"
takma,A2,такма,"вербальный; словесный; фальшивый"
takmak,A2,такмак,"-ать; -еть"
takım,A2,такым,"Сет; готовый; класс"
tamamlamak,A2,тамамламак,"-ать; -еть"
tamirci,A2,тамирджи,"ремонтник; ремонтница"
tane,A2,тане,"жито; зерно; сущность"
tapınak,A2,тапынак,"храм; место богослужения"
tarif,A2,тариф,"дефиниция; определение; описание"
tarif etmek,A2,тариф этмек,"(нет перевода)"
tarla,A2,тарла,"плантация; насаждение"
tartmak,A2,тартмак,"-ать; -еть"
tas,A2,тас,"(нет перевода)"
tatlı,A2,татлы,"благородный; добродушный; тихий"
tava,A2,тава,"сковорода; сковородка; Пан"
tavan,A2,таван,"потолок"
tavla,A2,тавла,"нарды; триктрак"
tavsiye,A2,тавсийе,"рекомендация; совет; наставление"
tavşan,A2,тавшан,"кролик; крольчиха; заяц"
taş,A2,таш,"каменный; камень; драгоценный камень"
taşmak,A2,ташмак,"-ать; -еть"
taşımak,A2,ташымак,"нести; носить; износ"
tecrübe,A2,теджрюбе,"опыт; переживание; эксперимент"
tek,A2,тек,"единственный; один; никакой"
teleskop,A2,телескоп,"телескоп"
telsiz,A2,телсиз,"беспроводный; беспроволочный; воки-токи"
tepe,A2,тепе,"холм; возвышение; лучший"
teslim,A2,теслим,"доставка; завоз"
toplantı,A2,топланты,"встреча; собрание; группа"
torun,A2,торун,"внук; внучка"
tost,A2,тост,"расплав; плавка"
toz,A2,тоз,"пыль; прах"
toz fırtınası,A2,тоз фыртынасы,"(нет перевода)"
tramvay,A2,трамвай,"(нет перевода)"
tropik yağmur,A2,тропик йамур,"(нет перевода)"
tsunami,A2,тсунами,"(нет перевода)"
tuvalet,A2,тувалет,"туалет; клозет; вечер"
tuz,A2,туз,"солевой; соляной"
tuş,A2,туш,"пуговица; кнопка"
tükenmek,A2,тюкенмек,"-ать; -еть"
tıraş olmak,A2,тыраш олмак,"-ать; -еть"
ud,A2,уд,"альтернативный; альтернатива"
unvan,A2,унван,"(нет перевода)"
usanmak,A2,усанмак,"-ать; -еть"
uslu,A2,услу,"спокойно; хороший; добрый"
usta,A2,уста,"владыка; господин; ещё"
uyarı,A2,уйары,"внимание; предупреждение"
uzatmak,A2,узатмак,"каузатив; каузативный залог; -ать"
vaat,A2,ваат,"обещание; посул"
vakit,A2,вакит,"время; час"
vakıf,A2,вакыф,"основание; учреждение"
valiz,A2,вализ,"чемодан"
vasıta,A2,васыта,"способ; средство; перевозочное средство"
vatandaş,A2,ватандаш,"гражданин; гражданка"
vestiyer,A2,вестийер,"гардероб; гардеробное помещение"
veteriner,A2,ветеринер,"ветеринар; ветеринарка"
vezne,A2,везне,"добрый; добродушный; ещё"
vize,A2,визе,"виза"
volkanik patlama,A2,волканик патлама,"(нет перевода)"
yalan söylemek,A2,йалан сёйлемек,"(нет перевода)"
yanardağ,A2,йанарда,"вулкан"
yapışmak,A2,йапышмак,"-ать; -еть"
yarar,A2,йарар,"преимущество; выгода; благо"
yarışma,A2,йарышма,"спор; диспут"
yatay,A2,йатай,"горизонтальный"
yatılı okul,A2,йатылы окул,"интернат; школа-интернат; посадка"
yatıştırmak,A2,йатыштырмак,"каузатив; каузативный залог"
yaygın,A2,йайгын,"широко распространённый"
yayımlamak,A2,йайымламак,"-ать; -еть"
yazar,A2,йазар,"автор; создатель"
yazlık kıyafet,A2,йазлык кыйафет,"(нет перевода)"
yağ,A2,йа,"масло; нефть; толстый"
yağmak,A2,йамак,"-ать; -еть"
yağmur,A2,йамур,"дождь"
yağmurluk,A2,йамурлук,"плащ; дождевик"
yaşam,A2,йашам,"жизнь; живот"
yem,A2,йем,"корм; еда; приманка"
yer kabuğu,A2,йер кабуу,"(нет перевода)"
yer çekimi,A2,йер чекими,"притяжение; гравитация"
yerleştirmek,A2,йерлештирмек,"-ать; -еть"
yeterince,A2,йетериндже,"адекватно; удовлетворительно; довольно"
yetişmek,A2,йетишмек,"-ать; -еть"
yetiştirmek,A2,йетиштирмек,"-ать; -еть"
yolculuk,A2,йолджулук,"вояж; плавание"
yorgan,A2,йорган,"(нет перевода)"
yosun,A2,йосун,"мох"
yoğunluk,A2,йоунлук,"густота; плотность; интенсивность"
yumurta,A2,йумурта,"яйцо; шишка"
yönetmen,A2,йёнетмен,"режиссёр; директор"
yöresel,A2,йёресел,"(нет перевода)"
yüksek,A2,йюксек,"находящийся; расположенный; возвышенный"
yıldırım,A2,йылдырым,"молниеносный; молния"
zannetmek,A2,заннетмек,"предполагать; предположить"
zarar,A2,зарар,"вред; повреждение"
ziyaret,A2,зийарет,"посещение; визит"
âşık,A2,ашык,"влюблённый в; за; влюблённый"
çadır,A2,чадыр,"шатёр; палатка"
çalıştırmak,A2,чалыштырмак,"каузатив; каузативный залог"
çarpmak,A2,чарпмак,"-ать; -еть"
çağırmak,A2,чаырмак,"-ать; -еть"
çekinmek,A2,чекинмек,"-ать; -еть"
çekirdek,A2,чекирдек,"сущность; суть; семя"
çekmek,A2,чекмек,"обуза; разочарование; жеребьёвка"
çikolata,A2,чиколата,"шоколадный; шоколад"
çim,A2,чим,"мурава; трава"
çizgi,A2,чизги,"линия; прямая"
çizgi film,A2,чизги филм,"(нет перевода)"
çizmek,A2,чизмек,"-ать; -еть"
Çiğ,A2,чий,"сырой; необработанный; резкий"
çöp,A2,чёп,"сор; мусор; вздор"
çöpçü,A2,чёпчю,"сор; мусор"
çözmek,A2,чёзмек,"-ать; -еть"
çıkış,A2,чыкыш,"акт; действие; выход"
çırpmak,A2,чырпмак,"-ать; -еть"
ödeme,A2,ёдеме,"(нет перевода)"
ödül,A2,ёдюл,"добыча; трофей"
ölümsüz,A2,ёлюмсюз,"бессмертный"
ölümsüzlük,A2,ёлюмсюзлюк,"бессмертие; бессмертность"
öncelik,A2,ёнджелик,"приоритет"
öneri,A2,ёнери,"предложение; предлагать"
önermek,A2,ёнермек,"-ать; -еть"
özen göstermek,A2,ёзен гёстермек,"(нет перевода)"
özet,A2,ёзет,"итог; краткое изложение"
öğle yemeği,A2,ёйле йемейи,"ленч; обед"
ünlü,A2,юнлю,"известный; знаменитый; знаменитость"
ütülemek,A2,ютюлемек,"-ать; -еть"
ılık,A2,ылык,"тёплый; сердечный; между"
ılıman,A2,ылыман,"(нет перевода)"
ıslık çalmak,A2,ыслык чалмак,"-ать; -еть"
ısmarlamak,A2,ысмарламак,"на заказ; -ать; -еть"
ışın,A2,ышын,"скат; луч"
şarap,A2,шарап,"вино; бордо"
şaşırmak,A2,шашырмак,"-ать; -еть"
şekerleme,A2,шекерлеме,"(нет перевода)"
şelale,A2,шелале,"водопад; каскад"
şiddet,A2,шиддет,"мощь; сила; строгость"
şirin,A2,ширин,"милашка; прелесть; милый"
şiş,A2,шиш,"вздутый; набухший; бластома"
şişirmek,A2,шиширмек,"-ать; -еть"
şövalye,A2,шёвалйе,"рыцарь; богатырь"
şımartmak,A2,шымартмак,"каузатив; каузативный залог"
abone,B1,абоне,"подписчик; абонент; абонемент"
abur cubur,B1,абур джубур,"барахло; рухлядь; бессмысленный"
acil,B1,аджил,"неотложный; спешный"
adalet,B1,адалет,"справедливость; правосудие; беспристрастие"
adet yerini bulmak,B1,адет йерини булмак,"(нет перевода)"
adım,B1,адым,"ступенька; ступень"
ahretlik,B1,ахретлик,"(нет перевода)"
akik,B1,акик,"агат"
aklına getirmek,B1,аклына гетирмек,"(нет перевода)"
aksamak,B1,аксамак,"-ать; -еть"
akuamarin,B1,акуамарин,"(нет перевода)"
akılcı,B1,акылджы,"разумный; рассудительный"
akıldan geçirmek,B1,акылдан гечирмек,"(нет перевода)"
akıtmak,B1,акытмак,"-ать; -еть"
alameti farika,B1,аламети фарика,"(нет перевода)"
algı,B1,алгы,"информированность; осведомлённость"
algılamak,B1,алгыламак,"-ать; -еть"
alçak gönüllü,B1,алчак гёнюллю,"скромный; благопристойный"
alım gücü,B1,алым гюджю,"покупательная способность; покупка; приобретение"
amaç,B1,амач,"цель; предназначение"
ambalaj,B1,амбалаж,"пакет; посылка"
ametist,B1,аметист,"аметистовый; аметист"
amiral,B1,амирал,"адмирал"
anadili,B1,анадили,"(нет перевода)"
analiz,B1,анализ,"анализ; разбор"
anayasa,B1,анайаса,"устройство; конституция"
anonim,B1,аноним,"анонимный; безымянный"
antrenman,B1,антренман,"тренинг; обучение"
anımsamak,B1,анымсамак,"-ать; -еть"
araç,B1,арач,"инструмент; орудие труда; перевозочное средство"
arkeoloji,B1,аркеоложи,"археология"
artırmak,B1,артырмак,"каузатив; каузативный залог"
arzu,B1,арзу,"жажда; желание; желать"
arınmak,B1,арынмак,"-ать; -еть"
arıza,B1,арыза,"неисправность; сбой; ДТП"
asgari,B1,асгари,"минимальный; минималистичный"
atılgan,B1,атылган,"агрессивный; воинственный; отважный"
atıştırmak,B1,атыштырмак,"-ать; -еть"
ayakta,B1,айакта,"бодрствующий; не спящий"
ayakta durmak,B1,айакта дурмак,"-ать; -еть"
ayakta kalmak,B1,айакта калмак,"(нет перевода)"
ayrılmak,B1,айрылмак,"пассивный; бездеятельный; -ать"
ayrıntı,B1,айрынты,"деталь; подробность"
aytaşı,B1,айташы,"(нет перевода)"
ayırmak,B1,айырмак,"-ать; -еть"
azim,B1,азим,"определение; установление"
açıklığa kavuşmak,B1,ачыклыа кавушмак,"(нет перевода)"
ağırlama,B1,аырлама,"(нет перевода)"
ağırlık vermek,B1,аырлык вермек,"(нет перевода)"
aşama,B1,ашама,"диплом; степень"
aşağılama,B1,ашаылама,"герундий; деепричастие"
aşmak,B1,ашмак,"-ать; -еть"
aşırı,B1,ашыры,"избыточный; излишний; фанатичный"
baca,B1,баджа,"труба; дымовая труба; вентиляционная шахта"
bahane,B1,бахане,"(нет перевода)"
bahsedebîlme,B1,бахседебилме,"(нет перевода)"
bahsetmek,B1,бахсетмек,"-ать; -еть"
bakış açısı,B1,бакыш ачысы,"(нет перевода)"
baskı,B1,баскы,"печатание; печать; выпуск"
batıl inanç,B1,батыл инанч,"суеверие; поверье"
bazlama,B1,базлама,"(нет перевода)"
bağlam,B1,балам,"контекст; обстановка"
bağlılık,B1,балылык,"соединение; связь; верность"
bağımsız,B1,баымсыз,"независимый; самостоятельный; автономный"
başarı,B1,башары,"удача; успех; выполнение"
başkan,B1,башкан,"президент; глава государства; мэр"
başlık,B1,башлык,"головной убор; шапка; имущество"
başının etini yemek,B1,башынын этини йемек,"(нет перевода)"
bedel,B1,бедел,"эквивалентный; равноценный; ценность"
beden dili,B1,беден дили,"(нет перевода)"
beklenti,B1,бекленти,"ожидание; надежда; предсказание"
belirgin,B1,белиргин,"отчётливый; разборчивый"
belirlemek,B1,белирлемек,"-ать; -еть"
benimsemek,B1,бенимсемек,"-ать; -еть"
benzerlik,B1,бензерлик,"подобие; сходство"
bereket,B1,берекет,"благодарить; поблагодарить; избыток"
berrak,B1,беррак,"прозрачный; чистый; понятный"
berraklaştırmak,B1,берраклаштырмак,"(нет перевода)"
bilek,B1,билек,"запястье; лодыжка; щиколотка"
bileşim,B1,билешим,"(нет перевода)"
birey,B1,бирей,"единичный; индивидуальный"
birim,B1,бирим,"единица; подразделение"
birleşim,B1,бирлешим,"(нет перевода)"
biyokimya,B1,бийокимйа,"биохимия"
biçim,B1,бичим,"фигура; форма"
bocalamak,B1,боджаламак,"поворот; менять курс; -ать"
boru,B1,бору,"воздуховод; канал; рог"
boyut,B1,бойут,"аспект; измерение"
boşaltmak,B1,бошалтмак,"каузатив; каузативный залог; -ать"
bulunabilme,B1,булунабилме,"(нет перевода)"
burkmak,B1,буркмак,"-ать; -еть"
böbrek,B1,бёбрек,"почка; почки"
bürokratik,B1,бюрократик,"бюрократический"
büyüklük,B1,бюйюклюк,"величина; объём; величие"
büyüleyici,B1,бюйюлейиджи,"очаровательный; прелестный"
can atmak,B1,джан атмак,"-ать; -еть"
can pazarı,B1,джан пазары,"вопрос жизни и смерти; вещество; материал"
cazip,B1,джазип,"притягательный; привлекательный"
cesaret,B1,джесарет,"смелость; храбрость"
cesaret etmek,B1,джесарет этмек,"(нет перевода)"
civar,B1,дживар,"близость; соседство"
cıvıl cıvıl,B1,джывыл джывыл,"(нет перевода)"
dahil,B1,дахил,"замешанность; причастность"
dal,B1,дал,"ветвь; ветка; рука"
dalak,B1,далак,"селезёнка; сплин; соты"
danışman,B1,данышман,"консультант; консультантка"
davetli,B1,даветли,"личность; особа"
davranış,B1,давраныш,"(нет перевода)"
dağarcık,B1,даарджык,"добрый; добродушный; синоним"
dağcılık,B1,даджылык,"альпинизм"
denge,B1,денге,"гармония; противовес; дательный"
denizaltı,B1,денизалты,"подводный; подморский"
denizci,B1,денизджи,"матрос; мореплаватель"
departman,B1,департман,"департамент; отдел"
depolamak,B1,деполамак,"-ать; -еть"
depozito,B1,депозито,"залежь; месторождение"
dert yanmak,B1,дерт йанмак,"(нет перевода)"
destek,B1,дестек,"опора; поддержка; солидарность"
detoks,B1,детокс,"(нет перевода)"
devlet,B1,девлет,"состояние; государство"
değerlendirmek,B1,дейерлендирмек,"-ать; -еть"
değişiklik,B1,дейишиклик,"мелкие деньги; изменение; разница"
dikiş,B1,дикиш,"шов; флец; петля"
dikiş tutturmak,B1,дикиш туттурмак,"(нет перевода)"
dikkat çekmek,B1,диккат чекмек,"(нет перевода)"
dinmek,B1,динмек,"-ать; -еть"
dinç,B1,динч,"энергичный; активный"
diyetisyen,B1,дийетисйен,"диетврач; диетолог"
dizini dövmek,B1,дизини дёвмек,"(нет перевода)"
dokunmak,B1,докунмак,"-ать; -еть"
dolayısıyla,B1,долайысыйла,"следовательно; в результате; как"
dolgun,B1,долгун,"коренастый; круглолицый; высокий"
doçent,B1,дочент,"(нет перевода)"
doğalgaz,B1,доалгаз,"(нет перевода)"
doğrultu,B1,дорулту,"направление; режиссура; дорожка"
doğurganlık,B1,доурганлык,"(нет перевода)"
durum,B1,дурум,"ситуация; обстановка; падеж"
duruş,B1,дуруш,"осанка; поза"
dönem,B1,дёнем,"и точка; период"
dönemeç,B1,дёнемеч,"(нет перевода)"
dönüm noktası,B1,дёнюм ноктасы,"(нет перевода)"
dönüşmek,B1,дёнюшмек,"-ать; -еть"
döşeme,B1,дёшеме,"вербальный; словесный"
düzensizlik,B1,дюзенсизлик,"(нет перевода)"
düşkün,B1,дюшкюн,"любящий; нежный; нуждающийся"
düşük,B1,дюшюк,"басистый; низкочастотный; упавший"
editör,B1,эдитёр,"редактор; редакторка"
ekonomik,B1,экономик,"хозяйственный; экономический"
eksiklik,B1,эксиклик,"отсутствие; недостаток; отлучка"
eleştirmek,B1,элештирмек,"-ать; -еть"
eli boş gitmek,B1,эли бош гитмек,"(нет перевода)"
elverişsiz,B1,элверишсиз,"(нет перевода)"
emlak,B1,эмлак,"имение; сословие"
empati,B1,эмпати,"эмпатия; сопереживание"
endişeli,B1,эндишели,"беспокоиться; встревоженный"
engel,B1,энгел,"барьер; шлагбаум; препятствие"
engelli,B1,энгелли,"деактивированный; инвалидный"
enine boyuna,B1,энине бойуна,"большой; крупный; за"
esirgemek,B1,эсиргемек,"-ать; -еть"
etki,B1,этки,"эффект; результат"
etki etmek,B1,этки этмек,"(нет перевода)"
etkileyici,B1,эткилейиджи,"впечатлительный; внушительный; обворожительный"
etkin,B1,эткин,"активный; деятельный; эффективный"
eğitim,B1,эйитим,"образование; воспитание"
eğmek,B1,эймек,"-ать; -еть"
farklılık,B1,фарклылык,"разница; отличие"
fatura,B1,фатура,"Билл; вексель; счёт"
fazla gelmek,B1,фазла гелмек,"(нет перевода)"
federasyon,B1,федерасйон,"федерация"
felaket,B1,фелакет,"катастрофа; бедствие; жуткий"
felç,B1,фелч,"паралич; парализованность"
firma,B1,фирма,"крепкий; прочный"
fiyat,B1,фийат,"цена"
fiziksel,B1,физиксел,"материальный; телесный"
fizyolojik,B1,физйоложик,"физиологический"
fonksiyon,B1,фонксийон,"функция; должность"
fırsat,B1,фырсат,"возможность; шанс"
garip,B1,гарип,"необитаемый; покинутый; далеко"
gelin,B1,гелин,"(нет перевода)"
geliştirmek,B1,гелиштирмек,"-ать; -еть"
gen,B1,ген,"широкий; ген"
genetik,B1,генетик,"(нет перевода)"
gerektirmek,B1,геректирмек,"(нет перевода)"
gerekçe,B1,герекче,"обоснование; оправдание; молотый"
gergin,B1,гергин,"нервный"
gerçekleşmek,B1,герчеклешмек,"-ать; -еть"
gerçekçi,B1,герчекчи,"реалистичный; реалистический"
geçici,B1,гечиджи,"временный; временный работник; синоним"
girişimci,B1,гиришимджи,"предпринимательский; предприниматель; предпринимательница"
gorunuş,B1,горунуш,"(нет перевода)"
gölet,B1,гёлет,"пруд; водоём"
görenek,B1,гёренек,"заказной; изготовленный; использование"
görev,B1,гёрев,"работа; задача; задание"
görev almak,B1,гёрев алмак,"(нет перевода)"
görevlendirmek,B1,гёревлендирмек,"(нет перевода)"
görünüm,B1,гёрюнюм,"смотри; смотрите"
görüş,B1,гёрюш,"взгляд; мнение; концепция"
gözden çıkarmak,B1,гёзден чыкармак,"-ать; -еть"
gütmek,B1,гютмек,"-ать; -еть"
güvenlik,B1,гювенлик,"безопасность; надёжность"
güzellik salonu,B1,гюзеллик салону,"(нет перевода)"
güç,B1,гюч,"энергия; жёсткий; твёрдый"
gıda,B1,гыда,"пища; корм"
halat,B1,халат,"верёвка; канат"
halsiz kalmak,B1,халсиз калмак,"(нет перевода)"
ham,B1,хам,"зелёный; недозрелый; сырой"
hamilelik,B1,хамилелик,"беременность"
hamur,B1,хамур,"тесто; бабки; происхождение"
harcamak,B1,харджамак,"-ать; -еть"
harem,B1,харем,"гарем; жена; жёнка"
harita,B1,харита,"карта; план"
hatmi,B1,хатми,"болото"
hatır sormak,B1,хатыр сормак,"(нет перевода)"
hayal kurmak,B1,хайал курмак,"(нет перевода)"
hedef,B1,хедеф,"прицел; цель; гол"
hedeflemek,B1,хедефлемек,"-ать; -еть"
hikâyesi,B1,хикайеси,"(нет перевода)"
hizmet,B1,хизмет,"занятие; работа; богослужение"
hormon,B1,хормон,"(нет перевода)"
hoş karşılamak,B1,хош каршыламак,"(нет перевода)"
hoşbeş etmek,B1,хошбеш этмек,"(нет перевода)"
humma,B1,хумма,"синоним"
huy,B1,хуй,"нрав; темперамент; обычай"
huzur,B1,хузур,"мир; спокойствие; присутствие"
hâkim,B1,хаким,"судья; арбитр; за"
hücre,B1,хюджре,"мобила; мобильник; тюрьма"
ibadet,B1,ибадет,"благоговение; боготворение"
ifade,B1,ифаде,"выражение; оборот; заявление"
ikiyüzlü,B1,икийюзлю,"двуликий; двуличный; лицемер"
ilerleme,B1,илерлеме,"вербальный; словесный; Прогресс"
ilerletmek,B1,илерлетмек,"-ать; -еть"
ilgi,B1,илги,"связь; зависимость; смирно"
ilgi alanı,B1,илги аланы,"(нет перевода)"
ilgi çekmek,B1,илги чекмек,"(нет перевода)"
imdat,B1,имдат,"на помощь!; помогите"
imza atmak,B1,имза атмак,"(нет перевода)"
inkar etmek,B1,инкар этмек,"альтернативный; альтернатива"
istekte bulunmak,B1,истекте булунмак,"(нет перевода)"
istifa etmek,B1,истифа этмек,"(нет перевода)"
itibar,B1,итибар,"рассмотрение; обсуждение; честь"
iyimserlik,B1,ийимсерлик,"(нет перевода)"
izne çıkmak,B1,изне чыкмак,"(нет перевода)"
içerik,B1,ичерик,"неявный; скрытый; ингредиент"
içini boşaltmak,B1,ичини бошалтмак,"(нет перевода)"
içini çekmek,B1,ичини чекмек,"(нет перевода)"
iş bölümü,B1,иш бёлюмю,"(нет перевода)"
işe yarar,B1,ише йарар,"(нет перевода)"
işlem,B1,ишлем,"действие; операция; процесс"
işlev,B1,ишлев,"функция; должность"
iştah,B1,иштах,"жажда; желание"
İkramiye,B1,икрамийе,"(нет перевода)"
İzin vermek,B1,изин вермек,"(нет перевода)"
İç hesaplaşma,B1,ич хесаплашма,"(нет перевода)"
İçtenlik,B1,ичтенлик,"(нет перевода)"
İşteş,B1,иштеш,"(нет перевода)"
jandarma,B1,жандарма,"жандармерия"
jest,B1,жест,"жест; поступок"
kabuklu yemiş,B1,кабуклу йемиш,"(нет перевода)"
kabullenmek,B1,кабулленмек,"-ать; -еть"
kafa karışıklığı,B1,кафа карышыклыы,"(нет перевода)"
kalbini fethetmek,B1,калбини фетхетмек,"(нет перевода)"
kalite,B1,калите,"высококачественный; доброкачественный"
kanıtlamak,B1,канытламак,"-ать; -еть"
kaplıca,B1,каплыджа,"синоним"
kaptırmak,B1,каптырмак,"каузатив; каузативный залог; -ать"
kara günler,B1,кара гюнлер,"(нет перевода)"
karaciğer,B1,караджийер,"печень; печёнка"
karamsarlık,B1,карамсарлык,"пессимизм"
karanfil,B1,каранфил,"телесный; гвоздика; долька"
karbonhidrat,B1,карбонхидрат,"карбогидрат; углевод"
karşılıklı,B1,каршылыклы,"взаимный; обоюдный"
kas,B1,кас,"мышца; мускул; аббревиация"
katkı,B1,каткы,"вклад; участие; аддитивный"
katkı maddesi,B1,каткы маддеси,"(нет перевода)"
katlanmak,B1,катланмак,"-ать; -еть; пассивный"
katmak,B1,катмак,"-ать; -еть"
kavuşmak,B1,кавушмак,"-ать; -еть"
kaynaklanmak,B1,кайнакланмак,"-ать; -еть"
kaytarmak,B1,кайтармак,"-ать; -еть"
kayıtsız,B1,кайытсыз,"безоговорочный; безусловный; посредственный"
kazanç,B1,казанч,"выгода; доход"
kaçınmak,B1,качынмак,"-ать; -еть"
kendini dışarı atmak,B1,кендини дышары атмак,"(нет перевода)"
keyfine varmak,B1,кейфине вармак,"(нет перевода)"
keyfini çıkarmak,B1,кейфини чыкармак,"(нет перевода)"
keyif,B1,кейиф,"веселье; радость; забава"
keçe,B1,кече,"фетр; войлок"
kibir,B1,кибир,"(нет перевода)"
kin,B1,кин,"злоба; неприязнь"
kiralık,B1,киралык,"(живое) существо; создание; что-то"
kişilik,B1,кишилик,"личность; индивидуальность; синоним"
kişisel,B1,кишисел,"личный; персональный"
kombi,B1,комби,"центральный"
komite,B1,комите,"комитет; комиссия"
konferans,B1,конферанс,"конференция; съезд"
konsantrasyon,B1,консантрасйон,"концентрация; обогащение"
konsantre olmak,B1,консантре олмак,"-ать; -еть"
konteynır,B1,контейныр,"(нет перевода)"
konum,B1,конум,"место; местонахождение; позиция"
koordinasyon,B1,координасйон,"согласование; координация"
korkunç,B1,коркунч,"страшный; ужасный; жуткий"
koza,B1,коза,"кокон; стручок; капсула"
kraliyet,B1,кралийет,"королевство; царство"
kramp,B1,крамп,"(нет перевода)"
kulübe,B1,кулюбе,"домик; лачуга; хижина"
kurmak,B1,курмак,"-ать; -еть"
kurtarmak,B1,куртармак,"-ать; -еть"
kurtulmak,B1,куртулмак,"-ать; -еть"
kurum,B1,курум,"институт; институция; гордость"
kuvars,B1,куварс,"кварц"
kuşak çatışması,B1,кушак чатышмасы,"(нет перевода)"
kuşkusuz,B1,кушкусуз,"несомненный"
kârlı çıkmak,B1,карлы чыкмак,"(нет перевода)"
köreltmek,B1,кёрелтмек,"(нет перевода)"
kötüleşmek,B1,кётюлешмек,"-ать; -еть"
kül,B1,кюл,"ясень; пепел; зола"
kıdemli,B1,кыдемли,"ВОЗ; кто"
kırılmak,B1,кырылмак,"-ать; -еть"
kısırlık,B1,кысырлык,"неплодородие; неплодородность"
lavabo,B1,лавабо,"раковина; рукомойник; туалет"
liderlik,B1,лидерлик,"лидерство; руководство"
lif,B1,лиф,"(нет перевода)"
lohusa,B1,лохуса,"альтернативный; альтернатива"
lüks,B1,люкс,"люкс; роскошь"
maaş,B1,мааш,"зарплата; жалование; заработная плата"
mandıracılık,B1,мандыраджылык,"(нет перевода)"
mangal,B1,мангал,"(нет перевода)"
mantık,B1,мантык,"речь; говор; логика"
mantık yürütmek,B1,мантык йюрютмек,"(нет перевода)"
masaya yatırmak,B1,масайа йатырмак,"(нет перевода)"
masrafsız,B1,масрафсыз,"(нет перевода)"
mecburiyet,B1,меджбурийет,"обязательство; долг"
mekanizma,B1,меканизма,"механизм"
memnuniyetsiz,B1,мемнунийетсиз,"(нет перевода)"
mesafe,B1,месафе,"расстояние; дистанция"
metabolizma,B1,метаболизма,"метаболизм; обмен веществ"
meteliksiz,B1,метеликсиз,"(нет перевода)"
metin,B1,метин,"СМС; сообщение; опечатка"
mevki,B1,мевки,"дом; жилище; ситуация"
meydana gelmek,B1,мейдана гелмек,"-ать; -еть"
miadı dolmak,B1,миады долмак,"(нет перевода)"
mimik,B1,мимик,"мимикрия; подражание"
mineral,B1,минерал,"минерал"
molekül,B1,молекюл,"молекула"
monte,B1,монте,"(нет перевода)"
motive etmek,B1,мотиве этмек,"(нет перевода)"
muhit,B1,мухит,"окружающая среда; экосистема; он"
muhtaç,B1,мухтач,"нуждающийся"
mâl olmak,B1,мал олмак,"(нет перевода)"
müessese,B1,мюессесе,"синоним"
mümkün,B1,мюмкюн,"возможный; вероятный"
müstakil,B1,мюстакил,"суверенный; превосходный"
nadiren,B1,надирен,"изредка; нечасто"
nakış,B1,накыш,"вышивка; вышивание; обман"
nalın,B1,налын,"родительный; родительный падеж; деревянный"
namak,B1,намак,"(нет перевода)"
nazar,B1,назар,"смотри; смотрите; пристальный взгляд"
nefret,B1,нефрет,"хейт; ненавидеть"
netleşmek,B1,нетлешмек,"(нет перевода)"
nezih,B1,незих,"добродетельный; моральный"
nimet,B1,нимет,"благословение; милость"
not etmek,B1,нот этмек,"-ать; -еть"
nüfus,B1,нюфус,"население; популяция"
obezite,B1,обезите,"(нет перевода)"
obur,B1,обур,"ненасытный; прожорливый; непомерный"
odaklanmak,B1,одакланмак,"-ать; -еть"
odun,B1,одун,"дрова; полено; дерево"
olgunlaşmak,B1,олгунлашмак,"-ать; -еть"
oran,B1,оран,"пропорция"
organizasyon,B1,организасйон,"организация; организованность"
ortalama,B1,орталама,"вербальный; словесный; средний"
ortam,B1,ортам,"настройка; установка; контекст"
ovmak,B1,овмак,"-ать; -еть"
oyun,B1,ойун,"игра; матч; пьеса"
paralel,B1,паралел,"параллельный; параллельно"
parlak,B1,парлак,"яркий; светлый; красивый"
patlamak,B1,патламак,"-ать; -еть"
paylaşmak,B1,пайлашмак,"-ать; -еть"
pazarlık,B1,пазарлык,"(нет перевода)"
performans,B1,перформанс,"выступление; перформанс"
peşinde koşmak,B1,пешинде кошмак,"(нет перевода)"
peştamal,B1,пештамал,"(нет перевода)"
pil,B1,пил,"аккумулятор; батарейка"
piyango,B1,пийанго,"(нет перевода)"
pişmanlık,B1,пишманлык,"(нет перевода)"
planlama,B1,планлама,"(нет перевода)"
platform,B1,платформ,"перрон; платформа"
platonik,B1,платоник,"(нет перевода)"
posa,B1,поса,"осадок; отложение"
potansiyel,B1,потансийел,"возможный; потенциальный"
prensip,B1,пренсип,"принцип"
püf noktası,B1,пюф ноктасы,"(нет перевода)"
pıhtı,B1,пыхты,"(нет перевода)"
pıhtılaşmak,B1,пыхтылашмак,"(нет перевода)"
radyasyon,B1,радйасйон,"излучение; радиация"
rahatlamak,B1,рахатламак,"-ать; -еть"
rakam,B1,ракам,"знакоместо; место; количество"
rastgele,B1,растгеле,"рандомный; случайный; на"
rastlantı,B1,растланты,"совпадение"
rehber,B1,рехбер,"гид; проводник; путеводитель"
rekor,B1,рекор,"рекордный; запись"
rica etmek,B1,риджа этмек,"-ать; -еть"
risk,B1,риск,"риск; опасность"
romantik takılmak,B1,романтик такылмак,"(нет перевода)"
röportaj,B1,рёпортаж,"отчёт; доклад; интервью"
sahip,B1,сахип,"обладатель; владелец; он"
sakar,B1,сакар,"неловкий; неповоротливый; (яркий) огонь"
saklanmak,B1,сакланмак,"-ать; -еть; пассивный"
saklı,B1,саклы,"тайный; потайной"
samimiyet,B1,самимийет,"искренность; откровенность; дружелюбие"
sanık,B1,санык,"подозрительный; подозреваемый"
saptamak,B1,саптамак,"-ать; -еть"
sarsılmak,B1,сарсылмак,"пассивный; бездеятельный"
satır,B1,сатыр,"линия; прямая; тяга к поясу"
sayesinde,B1,сайесинде,"благодарю; спасибо"
saygın,B1,сайгын,"глубокоуважаемый; достопочтенный"
saymak,B1,саймак,"счёт; подсчёт; -ать"
sağlamak,B1,саламак,"-ать; -еть"
selamlık,B1,селамлык,"(нет перевода)"
seminer,B1,семинер,"группа; коллектив"
sevecenlik,B1,севедженлик,"(нет перевода)"
sezgi,B1,сезги,"(нет перевода)"
sigorta,B1,сигорта,"страховка; страхование; фитиль"
sinirlenmek,B1,синирленмек,"-ать; -еть"
sistem,B1,систем,"система"
SIVI,B1,сиви,"(нет перевода)"
siyaset,B1,сийасет,"политика"
slogan,B1,слоган,"девиз; лозунг"
soba,B1,соба,"печка; плитка"
sohbet,B1,сохбет,"разговор; беседа"
somut,B1,сомут,"осязаемый; ощутимый"
sorumlu,B1,сорумлу,"ответственный"
soy,B1,сой,"семейный; семья; происхождение"
soyut,B1,сойут,"неосязаемый; неуловимый"
strateji,B1,стратежи,"стратегия"
sönmek,B1,сёнмек,"-ать; -еть"
söz tutmak,B1,сёз тутмак,"(нет перевода)"
sülale,B1,сюлале,"династия; число строк; происхождение"
süngerli,B1,сюнгерли,"(нет перевода)"
sürekli,B1,сюрекли,"непрерывный; длительный; постоянно"
süreç,B1,сюреч,"процесс; развитие; континуация"
sürme,B1,сюрме,"вербальный; словесный; кайал"
sıkı fıkı olmak,B1,сыкы фыкы олмак,"(нет перевода)"
sıkıntı,B1,сыкынты,"умственный; хозяйственный; экономический"
sıkışmak,B1,сыкышмак,"-ать; -еть"
sırdaş,B1,сырдаш,"доверенное лицо; наперсник"
sıyrılmak,B1,сыйрылмак,"пассивный; бездеятельный; -ать"
sızdırmak,B1,сыздырмак,"(нет перевода)"
sızıntı,B1,сызынты,"(нет перевода)"
tablo,B1,табло,"живопись; картина; изображение"
tadım çıkarmak,B1,тадым чыкармак,"(нет перевода)"
talihsiz,B1,талихсиз,"недобрый; несчастливый"
tandır,B1,тандыр,"тандыр"
tansiyon,B1,тансийон,"напряжение; напряжённость; артериальное давление"
tanıdık,B1,таныдык,"знакомый; известный; знакомство"
tanım,B1,таным,"описание"
tanımlamak,B1,танымламак,"-ать; -еть"
tarife,B1,тарифе,"прайс-лист; прейскурант; цена"
tartışmak,B1,тартышмак,"-ать; -еть"
tarz,B1,тарз,"стиль; слог; тип"
tarçın,B1,тарчын,"коричный; корица"
tasarruf,B1,тасарруф,"использование; употребление; экономия"
tazelemek,B1,тазелемек,"-ать; -еть"
taşınma,B1,ташынма,"вербальный; словесный"
tebessüm,B1,тебессюм,"улыбка; усмешка"
tedavi,B1,тедави,"терапия; лечение; лекарство"
tedbir,B1,тедбир,"предосторожность; предусмотрительность"
tehlike,B1,техлике,"опасность; угроза; риск"
tekerleme,B1,текерлеме,"(нет перевода)"
tekne,B1,текне,"корыто; ванночка; лодка"
telaffuz,B1,телаффуз,"произношение; акцент"
telaşlanmak,B1,телашланмак,"-ать; -еть"
temel,B1,темел,"фундамент; молотый; грунт"
tempo,B1,темпо,"темп"
teori,B1,теори,"гипотеза; теория"
tercih etmek,B1,терджих этмек,"-ать; -еть"
tere,B1,тере,"кресс; кресс-салат; дательный"
tesadüf,B1,тесадюф,"совпадение"
tesisatçı,B1,тесисатчы,"водопроводчик; сантехник"
teslim etmek,B1,теслим этмек,"-ать; -еть"
tespit etmek,B1,теспит этмек,"-ать; -еть"
tiroit bezleri,B1,тироит безлери,"(нет перевода)"
toksin,B1,токсин,"(нет перевода)"
toplum,B1,топлум,"общество; социум; сообщество"
toptancı,B1,топтанджы,"оптовик"
tuhaf,B1,тухаф,"странный; необычный"
tura,B1,тура,"(нет перевода)"
tutanak,B1,тутанак,"свойственный; падающий; должностной"
tutsak,B1,тутсак,"заключённый; арестант; раб"
tüccar,B1,тюджджар,"купец; торговец"
tüketim,B1,тюкетим,"потребление; расход"
tüketmek,B1,тюкетмек,"-ать; -еть"
tıkanmak,B1,тыканмак,"пассивный; бездеятельный; -ать"
tıp,B1,тып,"лекарство; лекарственное средство"
ulaşmak,B1,улашмак,"-ать; -еть"
ulaşım,B1,улашым,"перевозка; переправка; передача"
unsur,B1,унсур,"крупица; элемент"
ustalık,B1,усталык,"владычество; власть"
usul,B1,усул,"система"
uyarlamak,B1,уйарламак,"(нет перевода)"
uygun görmek,B1,уйгун гёрмек,"(нет перевода)"
uyum,B1,уйум,"гармония; согласие; соответствие"
uyumlu,B1,уйумлу,"гармоничный; гармонический; совместимый"
uzaklaşmak,B1,узаклашмак,"-ать; -еть"
uzamak,B1,узамак,"-ать; -еть"
uzay,B1,узай,"открытый космос; космос; внешний"
uzman,B1,узман,"экспертный; знаток"
uğraş,B1,ураш,"(нет перевода)"
uğraşmak,B1,урашмак,"-ать; -еть"
uğur,B1,уур,"удача; везение"
vaaz vermek,B1,вааз вермек,"(нет перевода)"
vali,B1,вали,"губернатор; регулятор"
vali kebabı,B1,вали кебабы,"(нет перевода)"
vana,B1,вана,"вентиль; задвижка"
varlık,B1,варлык,"существование; бытие; благосостояние"
vefa,B1,вефа,"верность; лояльность"
vergi,B1,верги,"дань; налог"
veri,B1,вери,"данные; информация"
verimli,B1,веримли,"эффективный"
verimsiz,B1,веримсиз,"(нет перевода)"
vicdan meselesi,B1,видждан меселеси,"(нет перевода)"
virüs,B1,вирюс,"вирус; компьютерный вирус"
yadırgamak,B1,йадыргамак,"-ать; -еть"
yaklaşım,B1,йаклашым,"(нет перевода)"
yakından tanımak,B1,йакындан танымак,"(нет перевода)"
yakınlık,B1,йакынлык,"уединение; близость; влечение"
yansıtmak,B1,йансытмак,"каузатив; каузативный залог; -ать"
yapışık,B1,йапышык,"сплочённый; связанный; связный"
yaradılış,B1,йарадылыш,"альтернативный; альтернатива"
yaramak,B1,йарамак,"-ать; -еть"
yaratmak,B1,йаратмак,"-ать; -еть"
yaratıcılık,B1,йаратыджылык,"креативность; творческие способности"
yardımcı olmak,B1,йардымджы олмак,"-ать; -еть"
yargıç,B1,йаргыч,"судья; арбитр"
yayınevi,B1,йайыневи,"издательство"
yaşam koçu,B1,йашам кочу,"(нет перевода)"
yaşantı,B1,йашанты,"лайфстайл; образ жизни; жизнь"
yaşayış,B1,йашайыш,"(нет перевода)"
yedeklemek,B1,йедеклемек,"-ать; -еть"
yemek faslı,B1,йемек фаслы,"(нет перевода)"
yenik,B1,йеник,"(нет перевода)"
yenilemek,B1,йенилемек,"-ать; -еть"
yenilikçi,B1,йениликчи,"(нет перевода)"
yer almak,B1,йер алмак,"(нет перевода)"
yetenek,B1,йетенек,"умение; навык; одарённость"
yetişkin,B1,йетишкин,"добавиться; добавляться; расти"
yetkili,B1,йеткили,"власть; власти"
yeşim,B1,йешим,"жад; жадеит; синоним"
yitirmek,B1,йитирмек,"-ать; -еть"
yitmek,B1,йитмек,"-ать; -еть"
yokuş,B1,йокуш,"холм; возвышение"
yol açmak,B1,йол ачмак,"подготовить почву; проложить путь; вымостить"
yonca,B1,йонджа,"клевер; трилистник"
yorucu,B1,йоруджу,"скучный; утомительный"
yorumlamak,B1,йорумламак,"(нет перевода)"
yoğunlaşmak,B1,йоунлашмак,"-ать; -еть"
yuva,B1,йува,"гнездо; гнёздышко; домой"
yönetmek,B1,йёнетмек,"-ать; -еть"
yönlendirmek,B1,йёнлендирмек,"-ать; -еть"
yüceltmek,B1,йюджелтмек,"-ать; -еть"
yükseltmek,B1,йюкселтмек,"-ать; -еть"
yüreklendirmek,B1,йюреклендирмек,"-ать; -еть"
yüreği hop etmek,B1,йюрейи хоп этмек,"(нет перевода)"
yıpratmak,B1,йыпратмак,"-ать; -еть"
yığmak,B1,йымак,"-ать; -еть"
zafer,B1,зафер,"победа; виктория"
zahmet,B1,захмет,"беда; горе; труд"
zahmetli,B1,захметли,"(нет перевода)"
zam,B1,зам,"доплата; дополнительный сбор; рост"
zekâ,B1,зека,"ум; разум; интеллигентность"
zencefil,B1,зенджефил,"имбирный; рыжий"
zenginleşmek,B1,зенгинлешмек,"(нет перевода)"
zihin,B1,зихин,"ум; разум"
zorlamak,B1,зорламак,"-ать; -еть"
zorlaştırmak,B1,зорлаштырмак,"(нет перевода)"
zorluk,B1,зорлук,"твёрдость; трудность; затруднение"
Çag,B1,чаг,"(нет перевода)"
çalışan,B1,чалышан,"(нет перевода)"
çarpıcı,B1,чарпыджы,"(нет перевода)"
çekirge,B1,чекирге,"саранча; кузнечик"
çevre kirliliği,B1,чевре кирлилийи,"(нет перевода)"
çizelge,B1,чизелге,"линия; прямая; кайма"
çukur,B1,чукур,"карцер; подвал; полый"
çuvaldız,B1,чувалдыз,"(нет перевода)"
çürük,B1,чюрюк,"гнилой; тухлый; не"
çıkar,B1,чыкар,"преимущество; выгода; своекорыстие"
çıldırtmak,B1,чылдыртмак,"-ать; -еть"
öfkelenmek,B1,ёфкеленмек,"-ать; -еть"
ölçülü,B1,ёлчюлю,"(нет перевода)"
ölçüm,B1,ёлчюм,"измерение; обмер; оценка"
ölçüt,B1,ёлчют,"критерий; мерило"
ömür,B1,ёмюр,"жизнь; живот; что-то"
önlem,B1,ёнлем,"предосторожность; предусмотрительность"
örgüt,B1,ёргют,"организация; организованность"
özellik,B1,ёзеллик,"особенность"
özenli,B1,ёзенли,"попытка; проба; скрупулёзный"
özgü,B1,ёзгю,"необычный; особенный; характерный"
özgün,B1,ёзгюн,"первоначальный; исходный; единственный"
özgüven,B1,ёзгювен,"самонадеянность; самоуверенность; уверенность в своих силах"
özne,B1,ёзне,"подверженный; подлежащий"
öğe,B1,ёйе,"альтернативный; альтернатива"
öğretim,B1,ёйретим,"доктрина; учение"
öğün,B1,ёйюн,"еда; снедь"
ücra,B1,юджра,"отдалённый; удалённый"
ümit,B1,юмит,"Надя; Надежда"
üretken,B1,юреткен,"продуктивный; производительный"
üstünlük,B1,юстюнлюк,"превосходство; старшинство"
üstünlük kurmak,B1,юстюнлюк курмак,"(нет перевода)"
ıslak,B1,ыслак,"мокрый; дождливый"
ıssız,B1,ыссыз,"несчастный; осиротелый"
ısınmak,B1,ысынмак,"-ать; -еть"
ısıtma,B1,ысытма,"вербальный; словесный; малярия"
şart,B1,шарт,"положение; состояние"
şaşırtıcı,B1,шашыртыджы,"удивительный; дивный"
şefkat,B1,шефкат,"сострадание; сопереживание; жалость"
şerit,B1,шерит,"лента; кассета; полоска"
şifa,B1,шифа,"возврат; получение вновь"
şifayı kapmak,B1,шифайы капмак,"(нет перевода)"
şikayet etmek,B1,шикайет этмек,"ныть; жаловаться"
şikâyetçi,B1,шикайетчи,"недовольный; раздражённый; истец"
şofben,B1,шофбен,"водонагреватель; водоподогреватель; вода"
şömine,B1,шёмине,"камин; очаг"
afacan,B2,афаджан,"даровитый; искусный; пакостный"
akla karayı seçmek,B2,акла карайы сечмек,"(нет перевода)"
aktif,B2,актиф,"активный; деятельный; лучший"
aktör,B2,актёр,"актёр; актор"
akustik,B2,акустик,"акустика"
alarm,B2,аларм,"тревога; испуг; будильник"
aldanmak,B2,алданмак,"-ать; -еть"
aldatmak,B2,алдатмак,"-ать; -еть"
ambar,B2,амбар,"амбар; гумно; зернохранилище"
ameliyat,B2,амелийат,"действие; операция"
anatomi,B2,анатоми,"анатомия; анатомирование"
anlayışlı,B2,анлайышлы,"понимание; разумение"
anmak,B2,анмак,"-ать; -еть"
anten,B2,антен,"атмосферный; воздушный; антенна"
anıt mezar,B2,аныт мезар,"(нет перевода)"
aristokrat,B2,аристократ,"аристократ; аристократка"
aseton,B2,асетон,"ацетон"
askerî,B2,аскери,"воинский; военный"
asosyal,B2,асосйал,"(нет перевода)"
astrolog,B2,астролог,"астролог; звездочёт"
astronot,B2,астронот,"астронавт; астронавтка; космонавт"
asıl,B2,асыл,"первоначальный; исходный; истина"
atari,B2,атари,"(нет перевода)"
atasözü,B2,атасёзю,"пословица; поговорка"
atölye,B2,атёлйе,"цех; ателье"
atılganlık,B2,атылганлык,"(нет перевода)"
ayak uyduramamak,B2,айак уйдурамамак,"(нет перевода)"
ayak uydurmak,B2,айак уйдурмак,"-ать; -еть"
ayaklarına kara sular inmek,B2,айакларына кара сулар инмек,"(нет перевода)"
ayarlamak,B2,айарламак,"-ать; -еть"
aykırılık,B2,айкырылык,"(нет перевода)"
ayıklamak,B2,айыкламак,"-ать; -еть"
azar,B2,азар,"(нет перевода)"
azarlamak,B2,азарламак,"-ать; -еть"
azimli,B2,азимли,"ревностный; рьяный"
açacak,B2,ачаджак,"открывалка; открывашка; многоточие"
ağzına layık,B2,азына лайык,"(нет перевода)"
babet,B2,бабет,"(нет перевода)"
badana,B2,бадана,"известковый раствор; побелка"
bagaj ücreti,B2,багаж юджрети,"(нет перевода)"
bakteri,B2,бактери,"бактерия"
barındırmak,B2,барындырмак,"каузатив; каузативный залог"
barışçıl,B2,барышчыл,"мирный; спокойный"
basın,B2,басын,"Мидия; медиа; родительный"
bağlama,B2,балама,"вербальный; словесный; обязательный"
bağlanmak,B2,баланмак,"-ать; -еть"
bağımlı olmak,B2,баымлы олмак,"(нет перевода)"
Baş üstünde yerin var,B2,баш юстюнде йерин вар,"(нет перевода)"
başa çıkmak,B2,баша чыкмак,"-ать; -еть"
başına devlet kuşu konmak,B2,башына девлет кушу конмак,"(нет перевода)"
beceri,B2,беджери,"умение; навык"
bedensel,B2,беденсел,"материальный; телесный"
bellek,B2,беллек,"память; воспоминание; материальный"
benek,B2,бенек,"точка; дот; веснушка"
berabere kalmak,B2,берабере калмак,"(нет перевода)"
berber,B2,бербер,"цирюльник; цирюльница"
beyaz peynir gibi olmak,B2,бейаз пейнир гиби олмак,"(нет перевода)"
bilezik,B2,билезик,"браслет"
bilim adamı,B2,билим адамы,"учёный"
bilim dalı,B2,билим далы,"(нет перевода)"
birbirine girmek,B2,бирбирине гирмек,"-ать; -еть"
bitkin,B2,биткин,"изнурённый; истощённый"
blog,B2,блог,"блог"
bluz,B2,блуз,"блуза; блузка"
boynuz,B2,бойнуз,"рог; рожок; олений рог"
boğa,B2,боа,"булла; бык; Телец"
boğmak,B2,бомак,"-ать; -еть"
bronz,B2,бронз,"(нет перевода)"
buhar,B2,бухар,"пар; сила"
bukle,B2,букле,"завиток; кудряшка"
bulanık,B2,буланык,"размытый; расплывчатый; неопределённый"
burun buruna gelmek,B2,бурун буруна гелмек,"(нет перевода)"
buruşuk,B2,бурушук,"(нет перевода)"
butik,B2,бутик,"(нет перевода)"
büyümüş de küçülmüş,B2,бюйюмюш де кючюлмюш,"(нет перевода)"
canavar,B2,джанавар,"чудовищный; монстр; волк"
canı çıkmak,B2,джаны чыкмак,"-ать; -еть"
canına tak etmek,B2,джанына так этмек,"(нет перевода)"
Cehennem ol,B2,джехеннем ол,"(нет перевода)"
cenaze,B2,дженазе,"похороны; погребение; труп"
cihaz,B2,джихаз,"аппарат; аппаратура; гаджет"
cilasız,B2,джиласыз,"(нет перевода)"
cinayet,B2,джинайет,"убийство; мокрое дело; серьёзный"
cızırdamak,B2,джызырдамак,"(нет перевода)"
daldırmak,B2,далдырмак,"-ать; -еть"
damgasını vurmak,B2,дамгасыны вурмак,"(нет перевода)"
dava,B2,дава,"комбинезон; костюм"
dayanıklı,B2,дайаныклы,"(нет перевода)"
defile,B2,дефиле,"(нет перевода)"
dem,B2,дем,"роса; росинка; вздох"
demir yolu,B2,демир йолу,"железнодорожный путь; колея"
dengeleyici,B2,денгелейиджи,"(нет перевода)"
dengeli beslenmek,B2,денгели бесленмек,"(нет перевода)"
denizatı,B2,денизаты,"море"
deri,B2,дери,"кожаный; кожа; шкура"
destan,B2,дестан,"(нет перевода)"
dev,B2,дев,"гигантский; огромный; колосс"
dili tutulmak,B2,дили тутулмак,"(нет перевода)"
dillere destan,B2,диллере дестан,"(нет перевода)"
dip,B2,дип,"дно; низ; основание"
direksiyon kırmak,B2,дирексийон кырмак,"(нет перевода)"
dokunmatik,B2,докунматик,"(нет перевода)"
dolay,B2,долай,"(нет перевода)"
doruk,B2,дорук,"горная вершина; зенит; кульминация"
doğal harika,B2,доал харика,"(нет перевода)"
dramatik,B2,драматик,"(нет перевода)"
dul,B2,дул,"вдова; вдовица; разведённый"
duvar örmek,B2,дувар ёрмек,"(нет перевода)"
duygusal zekâ,B2,дуйгусал зека,"(нет перевода)"
dökümlü,B2,дёкюмлю,"(нет перевода)"
döviz bürosu,B2,дёвиз бюросу,"(нет перевода)"
dövünmek,B2,дёвюнмек,"(нет перевода)"
düş,B2,дюш,"сон; грёза; Надя"
düşünsel,B2,дюшюнсел,"интеллектуальный; умственный"
edepli,B2,эдепли,"(нет перевода)"
ekonomist,B2,экономист,"экономист; экономистка"
ekose,B2,экосе,"(нет перевода)"
elde etmek,B2,элде этмек,"-ать; -еть"
elçi,B2,элчи,"посол; делегат; делегатка"
enli,B2,энли,"(нет перевода)"
epey,B2,эпей,"миленький; милый"
erkeksi,B2,эркекси,"вирильный; мужественный"
ertelemek,B2,эртелемек,"-ать; -еть"
esas,B2,эсас,"основание; учреждение; сущность"
eser kalmamak,B2,эсер калмамак,"(нет перевода)"
esinti,B2,эсинти,"мягкий; слабый"
eskimo,B2,эскимо,"(нет перевода)"
estetik,B2,эстетик,"эстетика; эстетический; эстетичный"
etnografya,B2,этнографйа,"(нет перевода)"
evlat edinmek,B2,эвлат эдинмек,"(нет перевода)"
eğilim,B2,эйилим,"тенденция; склонность"
eşlik etmek,B2,эшлик этмек,"сопроводить; сопровождать; -ать"
faturasız,B2,фатурасыз,"(нет перевода)"
fayton,B2,файтон,"гужевой; конный"
fener,B2,фенер,"фонарь; лампа; лампочка"
ferahlık,B2,ферахлык,"(нет перевода)"
fevkalade,B2,февкаладе,"экстраординарный; чрезвычайный"
fevkalâde,B2,февкаладе,"(нет перевода)"
fokurdamak,B2,фокурдамак,"-ать; -еть"
folklorik,B2,фолклорик,"(нет перевода)"
fon,B2,фон,"(нет перевода)"
fuar,B2,фуар,"красивый; прекрасный"
fısıldamak,B2,фысылдамак,"-ать; -еть"
gabardin,B2,габардин,"(нет перевода)"
galon,B2,галон,"галлон"
gar,B2,гар,"дислокация; местоположение"
garanti altına almak,B2,гаранти алтына алмак,"(нет перевода)"
gayret,B2,гайрет,"усилие; потуга"
gelir düzeyi,B2,гелир дюзейи,"(нет перевода)"
genel kültür,B2,генел кюлтюр,"общие знания; общий; всеобщий"
geride bırakmak,B2,гериде быракмак,"(нет перевода)"
geride kalmak,B2,гериде калмак,"(нет перевода)"
gerisinde kalmak,B2,герисинде калмак,"(нет перевода)"
gezegen,B2,гезеген,"планета"
geçişli,B2,гечишли,"переходный"
geçişsiz,B2,гечишсиз,"непереходный"
giyinip kuşanmak,B2,гийинип кушанмак,"(нет перевода)"
göbeği çatlamak,B2,гёбейи чатламак,"(нет перевода)"
gönlü ferman dinlememek,B2,гёнлю ферман динлемемек,"(нет перевода)"
gönlünü hoş tutmak,B2,гёнлюню хош тутмак,"(нет перевода)"
gösterge,B2,гёстерге,"(нет перевода)"
gösterisi,B2,гёстериси,"(нет перевода)"
gösterişli,B2,гёстеришли,"воображение; мечта"
göz kamaştırmak,B2,гёз камаштырмак,"(нет перевода)"
gözde,B2,гёзде,"единственный; единичный; излюбленный"
göze çarpmak,B2,гёзе чарпмак,"-ать; -еть"
gözlem,B2,гёзлем,"наблюдение; замечание"
güdülenme,B2,гюдюленме,"мотивация"
gülünç,B2,гюлюнч,"смехотворный; смешной"
güneş kremi,B2,гюнеш креми,"солнцезащитный крем; крем от загара"
haberleşme,B2,хаберлешме,"вербальный; словесный"
hac,B2,хадж,"(нет перевода)"
hacca gitmek,B2,хаджджа гитмек,"(нет перевода)"
hacı,B2,хаджы,"(нет перевода)"
hafıza,B2,хафыза,"память; воспоминание"
hakem,B2,хакем,"кто-то; кое-кто; ампайр"
hamal,B2,хамал,"грузчик; носильщик"
harikulade,B2,харикуладе,"изумительный; удивительный"
harikulâde,B2,харикуладе,"(нет перевода)"
hasır,B2,хасыр,"коврик; мат; стальной"
havalı,B2,хавалы,"прохладный; холодноватый"
hayal kırıklığı,B2,хайал кырыклыы,"разочарование; неприятность"
haysiyet,B2,хайсийет,"достоинство; должность"
haz,B2,хаз,"веселье; радость; аббревиация"
haşır neşir olmak,B2,хашыр нешир олмак,"(нет перевода)"
heves,B2,хевес,"кратковременный"
heykel,B2,хейкел,"статуя; изваяние; скульптура"
hile,B2,хиле,"обман; лживость"
hörgüç,B2,хёргюч,"холм; бугор"
hızına yetişememek,B2,хызына йетишемемек,"(нет перевода)"
ikon,B2,икон,"(нет перевода)"
ileti,B2,илети,"сообщение; СМС"
ima,B2,има,"подсказка; наводка; намёк"
imaj,B2,имаж,"изображение; облик"
imaj yaratmak,B2,имаж йаратмак,"(нет перевода)"
imdadına yetişmek,B2,имдадына йетишмек,"(нет перевода)"
internet sitesi,B2,интернет ситеси,"(нет перевода)"
inziva,B2,инзива,"уединение"
inşa,B2,инша,"план; дизайн; смесь"
iyimser,B2,ийимсер,"быстрый; бодрый"
izlenim,B2,изленим,"отпечаток; впечатление"
içten içe,B2,ичтен иче,"(нет перевода)"
iş güç sahibi,B2,иш гюч сахиби,"(нет перевода)"
işaret,B2,ишарет,"вывеска; знак"
kabiliyet,B2,кабилийет,"возможность; способность; одарённость"
kabin,B2,кабин,"ячейка; кабина"
kafasına esmek,B2,кафасына эсмек,"(нет перевода)"
kalori,B2,калори,"калория"
kalıtsal özellik,B2,калытсал ёзеллик,"(нет перевода)"
kanal,B2,канал,"канал; фарватер"
kandırmak,B2,кандырмак,"каузатив; каузативный залог"
kanser,B2,кансер,"рак; Рак"
kapasite,B2,капасите,"ёмкость; вместимость; конденсатор"
kaplamak,B2,капламак,"-ать; -еть; синоним"
kapsamak,B2,капсамак,"-ать; -еть"
kaptan,B2,каптан,"капитан"
karagöz,B2,карагёз,"(нет перевода)"
karakter,B2,карактер,"персонаж; герой"
karamsar,B2,карамсар,"пессимист; пессимистка"
kararlılık,B2,карарлылык,"(нет перевода)"
kararsız,B2,карарсыз,"не; а не; неустойчивый"
karavan,B2,караван,"автодача; автодом"
karmaşa,B2,кармаша,"хаос; беспорядок"
karşıtlık,B2,каршытлык,"противодействие; противостояние"
katkı vermek,B2,каткы вермек,"(нет перевода)"
kavram,B2,каврам,"концепция; понятие; мнение"
kaya,B2,кайа,"громадный; здоровенный; (горная) порода"
kayık,B2,кайык,"лодка; бот"
keman,B2,кеман,"скрипка"
kemik erimesi,B2,кемик эримеси,"(нет перевода)"
kendisini göstermek,B2,кендисини гёстермек,"(нет перевода)"
kent,B2,кент,"Сити; город; град"
kese,B2,кесе,"куль; грабёж; мешок"
keselemek,B2,кеселемек,"(нет перевода)"
kesik,B2,кесик,"короткий; низкий; нестабильный"
kifayetsiz,B2,кифайетсиз,"недостаточный; невменяемый; некомпетентный"
kiler,B2,килер,"кладовка; кладовая"
kilise,B2,килисе,"костёл; церковь"
kirlenmek,B2,кирленмек,"-ать; -еть"
kombine etmek,B2,комбине этмек,"(нет перевода)"
konukseverlik,B2,конуксеверлик,"гостеприимство; радушие"
kova,B2,кова,"ведро; ведёрко; водолей"
kozmetik,B2,козметик,"(нет перевода)"
kriket,B2,крикет,"сверчок; крикет"
kronoloji,B2,кроноложи,"(нет перевода)"
kronolojik,B2,кроноложик,"(нет перевода)"
kullanıcı,B2,кулланыджы,"наркоман; наркоманка"
kumaş,B2,кумаш,"ткань; материя; здание"
kundaklamak,B2,кундакламак,"(нет перевода)"
kurban,B2,курбан,"жертва; пострадавший; пожертвование"
kurt,B2,курт,"червь; глист; личинка"
kurtarıcı,B2,куртарыджы,"избавитель; избавительница; экономия"
kuru temizleme,B2,куру темизлеме,"неформальный; непринуждённый"
kurucu,B2,куруджу,"основатель; основательница"
kurşun,B2,куршун,"свинцовый; вестись; водиться"
köftehor,B2,кёфтехор,"(нет перевода)"
küllük,B2,кюллюк,"пепельница"
kültür birikimi,B2,кюлтюр бирикими,"(нет перевода)"
küresel ısınma,B2,кюресел ысынма,"глобальное потепление; всемирный; глобальный"
küreselleşmek,B2,кюреселлешмек,"-ать; -еть"
kürk,B2,кюрк,"мех; шерсть; шуба"
kılık kıyafet,B2,кылык кыйафет,"облачение; одежда"
kırkayak,B2,кыркайак,"сороконожка"
kırışık,B2,кырышык,"сморщенный; смятый"
kırışıklık,B2,кырышыклык,"складка; морщина"
kısa yol,B2,кыса йол,"(нет перевода)"
kıskançlık,B2,кысканчлык,"зависть; ревность; состояние"
kısıtlı,B2,кысытлы,"(нет перевода)"
kıvrak zekâ,B2,кыврак зека,"(нет перевода)"
kıyafet denemek,B2,кыйафет денемек,"(нет перевода)"
laboratuvar,B2,лаборатувар,"лаборатория"
leğen,B2,лейен,"таз; умывальник"
logo,B2,лого,"лого; логотип"
maden,B2,маден,"шахта; рудник; минерал"
maske,B2,маске,"маска; личина"
masraf yapmak,B2,масраф йапмак,"(нет перевода)"
masum,B2,масум,"невинный; безвинный"
mat,B2,мат,"(нет перевода)"
matador,B2,матадор,"(нет перевода)"
matem,B2,матем,"синоним"
materyal,B2,матерйал,"материальный; важный"
maymun olmak,B2,маймун олмак,"(нет перевода)"
mekanik,B2,меканик,"механика; машиностроение; механик"
meraktan çatlamak,B2,мерактан чатламак,"(нет перевода)"
mermer,B2,мермер,"мрамор; марбл"
meşhur,B2,мешхур,"известный; знаменитый; небезызвестный"
mikrofon,B2,микрофон,"микрофон"
misket,B2,мискет,"картечь; мрамор; марбл"
mobil,B2,мобил,"(нет перевода)"
moda,B2,мода,"мода; способ; тенденция"
mokasen,B2,мокасен,"мокасин"
motor,B2,мотор,"мотор; двигатель; автомобильный"
motosiklet,B2,мотосиклет,"мотоцикл"
mucize,B2,муджизе,"чудо; диво"
muhterem,B2,мухтерем,"(нет перевода)"
mumya,B2,мумйа,"мама; мамочка; крохотный"
mutasavvıf,B2,мутасаввыф,"суфий"
mîllî,B2,милли,"(нет перевода)"
mücadele,B2,мюджаделе,"конфликт; столкновение; сложная задача"
mühür,B2,мюхюр,"тюлень; печать"
mülâkat,B2,мюлакат,"(нет перевода)"
mütevazı,B2,мютевазы,"скромный; кроткий"
müthiş,B2,мютхиш,"страшный; потрясающий"
mısra,B2,мысра,"линия; прямая"
nabız,B2,набыз,"пульс; импульс"
nakliye,B2,наклийе,"перевозка; переправка; доставка"
nüfuz etmek,B2,нюфуз этмек,"(нет перевода)"
obje,B2,обже,"объект; вещь"
odaklamak,B2,одакламак,"(нет перевода)"
oduncu,B2,одунджу,"вальщик леса; дровосек"
okey,B2,окей,"ладно; окей"
okkalı,B2,оккалы,"(нет перевода)"
okuryazar,B2,окурйазар,"грамотный; начитанный"
okşamak,B2,окшамак,"-ать; -еть; синоним"
olasılık,B2,оласылык,"возможность; правдоподобие; вероятность"
olağanüstü,B2,олаанюстю,"экстраординарный; чрезвычайный; сверхъестественный"
omurilik,B2,омурилик,"(нет перевода)"
onur,B2,онур,"(нет перевода)"
otogar,B2,отогар,"автобус; шина"
otorite,B2,оторите,"власть; власти"
oyalamak,B2,ойаламак,"-ать; -еть"
palet,B2,палет,"палитра; ласт; плавник"
panayır,B2,панайыр,"красивый; прекрасный"
panik,B2,паник,"паника; паниковать; панический"
panço,B2,панчо,"(нет перевода)"
parlak fikir,B2,парлак фикир,"(нет перевода)"
patent,B2,патент,"(нет перевода)"
pazarlamak,B2,пазарламак,"-ать; -еть"
paça,B2,пача,"кайма; край"
pekiştirmek,B2,пекиштирмек,"-ать; -еть"
pergel,B2,пергел,"пара; чета"
peri bacası,B2,пери баджасы,"(нет перевода)"
pişman,B2,пишман,"жалеющий; кающийся"
porselen,B2,порселен,"фарфор"
psikoloji,B2,псиколожи,"психология; психика"
puantiye,B2,пуантийе,"пунктирный; точечный"
pudra,B2,пудра,"лицо; лик"
pürüzsüz,B2,пюрюзсюз,"гладкий; плавный"
radyoaktif,B2,радйоактиф,"радиоактивный"
raf,B2,раф,"полка; шельф"
rahmetli,B2,рахметли,"мёртвый; покойный"
raket,B2,ракет,"(нет перевода)"
reklam,B2,реклам,"н. э; нашей эры; реклама"
renk körü,B2,ренк кёрю,"(нет перевода)"
retro,B2,ретро,"(нет перевода)"
rivayet,B2,ривайет,"слух; молва"
ruh ikizi,B2,рух икизи,"друг сердца; единомышленник"
ruhsal,B2,рухсал,"духовный; психологический"
Rönesans,B2,рёнесанс,"(нет перевода)"
sabit,B2,сабит,"постоянный; константа; установленный"
Safa geldin,B2,сафа гелдин,"(нет перевода)"
sahiplenmek,B2,сахипленмек,"-ать; -еть"
saldırganlaşmak,B2,салдырганлашмак,"(нет перевода)"
sallanan sandalye,B2,салланан сандалйе,"(нет перевода)"
samimi,B2,самими,"искренний; франк; Франк"
sanal,B2,санал,"будто бы; словно; воображаемый"
sanal bebek,B2,санал бебек,"(нет перевода)"
sandalet,B2,сандалет,"сандалия; босоножка"
savunmak,B2,савунмак,"-ать; -еть"
saydam,B2,сайдам,"прозрачный; очевидный"
saç jölesi,B2,сач жёлеси,"(нет перевода)"
saç spreyi,B2,сач спрейи,"(нет перевода)"
sektör,B2,сектёр,"сектор; зона"
sepet,B2,сепет,"корзина; корзинка; коляска"
serbest,B2,сербест,"ез-; ес-"
sergilemek,B2,сергилемек,"-ать; -еть"
sevinç,B2,севинч,"веселье; радость"
seyrek,B2,сейрек,"за"
sindirim sistemi,B2,синдирим системи,"пищеварительная система; пищеварительный"
sinirsel bozukluk,B2,синирсел бозуклук,"(нет перевода)"
sivri,B2,сиври,"острый; остроумный"
sivrisinek,B2,сиврисинек,"комар; москит"
soluk,B2,солук,"вздох; дыхание"
sona ermek,B2,сона эрмек,"-ать; -еть"
sorumluluk,B2,сорумлулук,"ответственность; обязанность"
soylu,B2,сойлу,"дворянин; вельможа; благородный"
soğukkanlı,B2,соукканлы,"прохладный; холодноватый"
statü,B2,статю,"положение; состояние"
stres,B2,стрес,"давление; нажим"
sure,B2,суре,"сура"
söylenti,B2,сёйленти,"слух; молва"
sürdürmek,B2,сюрдюрмек,"-ать; -еть"
sürülmek,B2,сюрюлмек,"-ать; -еть"
sırılsıklam olmak,B2,сырылсыклам олмак,"(нет перевода)"
sıvazlamak,B2,сывазламак,"-ать; -еть"
tacir,B2,таджир,"купец; торговец"
tadını çıkarmak,B2,тадыны чыкармак,"-ать; -еть"
takdir etmek,B2,такдир этмек,"кричать; аплодировать; рукоплескать"
takipçi,B2,такипчи,"последователь; последовательница"
tamir,B2,тамир,"починка; ремонт; синоним"
tamtam,B2,тамтам,"(нет перевода)"
tanrı,B2,танры,"Бог; бог; альтернативный"
tapmak,B2,тапмак,"-ать; -еть"
tarafından,B2,тарафындан,"аблятивный; рядом с"
tasarlamak,B2,тасарламак,"-ать; -еть"
tatilci,B2,татилджи,"(нет перевода)"
tayt,B2,тайт,"колготки; трико"
tayyör,B2,таййёр,"(нет перевода)"
taçsız kral,B2,тачсыз крал,"(нет перевода)"
tedirgin,B2,тедиргин,"нервный"
teklif etmek,B2,теклиф этмек,"-ать; -еть"
teknik,B2,текник,"технический; вооружённый пикап; техника"
teknoloji,B2,текноложи,"технология; техника"
telgraf,B2,телграф,"телеграф; телеграфировать"
temelini atmak,B2,темелини атмак,"(нет перевода)"
teneke,B2,тенеке,"оловянный; жестяной; бокс"
tepki,B2,тепки,"реакция"
terbiyeli,B2,тербийели,"вежливый; учтивый"
ters,B2,терс,"обратный; противоположный"
tesadüfen,B2,тесадюфен,"рядом с"
tetris,B2,тетрис,"(нет перевода)"
teşhis,B2,тешхис,"диагноз; диагностика"
ticari,B2,тиджари,"коммерческий; торговый"
topaç,B2,топач,"(нет перевода)"
toplumsal,B2,топлумсал,"общительный; социальный"
topuk,B2,топук,"горбушка; пятка; Бар"
turizm elçisi,B2,туризм элчиси,"(нет перевода)"
tutku,B2,тутку,"амбиция; мечта; влечение"
tutucu,B2,тутуджу,"консервативный; умеренный"
tutuklamak,B2,тутукламак,"-ать; -еть"
tüifflui,B2,тюиффлуи,"(нет перевода)"
tıklamak,B2,тыкламак,"-ать; -еть"
tırabzan,B2,тырабзан,"перила; поручень"
ufuk,B2,уфук,"горизонт; небосклон"
ummak,B2,уммак,"Надя; Надежда; -ать"
umurunda bile değil,B2,умурунда биле дейил,"(нет перевода)"
uzaklaştırmak,B2,узаклаштырмак,"(нет перевода)"
Uğurlar olsun,B2,уурлар олсун,"(нет перевода)"
vade,B2,ваде,"дата возвращения; дата выполнения; надлежать"
vatka,B2,ватка,"(нет перевода)"
vitrin,B2,витрин,"витрина; магазин; бутик"
yakınmak,B2,йакынмак,"-ать; -еть"
yakıt,B2,йакыт,"горючее; топливо"
yanılgı,B2,йанылгы,"ошибка; отклонение"
yanılmak,B2,йанылмак,"-ать; -еть"
yapıt,B2,йапыт,"работа; труд"
yaralamak,B2,йараламак,"-ать; -еть"
yarasa,B2,йараса,"летучая мышь; нетопырь"
yargı,B2,йаргы,"приговор; осуждение"
yarımada,B2,йарымада,"полуостров"
yat,B2,йат,"яхта; иноземец; иноземка"
yaygınlaşmak,B2,йайгынлашмак,"-ать; -еть"
yaz,B2,йаз,"лето; балка; весна"
yazıcı,B2,йазыджы,"писатель; автор; делопроизводитель"
yel,B2,йел,"ветер; дух; пердёж"
yemek artıkları,B2,йемек артыклары,"(нет перевода)"
yeterlilik,B2,йетерлилик,"достаточность"
yetersizlik,B2,йетерсизлик,"недостаточность"
yeti,B2,йети,"бигфут; йети; профессорско-преподавательский состав"
yiğit,B2,йийит,"геройский; героический; существо"
yok satmak,B2,йок сатмак,"(нет перевода)"
Yolun açık olsun,B2,йолун ачык олсун,"бог в помощь; с богом"
yunus,B2,йунус,"дельфин; куст свай; Иона"
yün,B2,йюн,"шерсть; пряжа; шерстяной"
yılmak,B2,йылмак,"-ать; -еть"
zalim,B2,залим,"жестокий"
zar,B2,зар,"мембрана; оболочка; диафрагма"
zarif,B2,зариф,"элегантный; изящный"
zevk almak,B2,зевк алмак,"(нет перевода)"
çapak,B2,чапак,"носовая слизь; слизь"
çarmıh,B2,чармых,"перекрёстный; поперечный"
çarmıha germek,B2,чармыха гермек,"-ать; -еть"
çatmak,B2,чатмак,"-ать; -еть"
çatışma,B2,чатышма,"вербальный; словесный"
Çağ,B2,ча,"эра; эпоха; возраст"
çek-yat,B2,чек-йат,"(нет перевода)"
çile,B2,чиле,"беда; горе; ватный шарик"
Çingene,B2,чингене,"цыган; цыганка; ром"
çöl,B2,чёл,"пустой; пустынный; поле"
çıktı,B2,чыкты,"вывод; выработка"
çıkıntı,B2,чыкынты,"(нет перевода)"
çığlık atmak,B2,чылык атмак,"(нет перевода)"
öbür,B2,ёбюр,"другой; иной"
ökçe,B2,ёкче,"горбушка; пятка"
örgü,B2,ёргю,"акт; действие; что-то"
örümcek,B2,ёрюмджек,"паук; паутина; сеть"
öteki,B2,ётеки,"другой; иной"
özgürlük,B2,ёзгюрлюк,"свобода; вольность"
özümsemek,B2,ёзюмсемек,"-ать; -еть"
ülkü,B2,юлкю,"абстрактный; воображаемый"
ün kazanmak,B2,юн казанмак,"(нет перевода)"
üniforma,B2,юниформа,"однообразный; равномерный"
üstesinden gelmek,B2,юстесинден гелмек,"-ать; -еть"
üye,B2,юйе,"член; часть тела; клейкий"
üzgün,B2,юзгюн,"грустный; печальный; жаль"
ılıca,B2,ылыджа,"мне жарко; жаркий; баня"
ıstakoz,B2,ыстакоз,"лобстер; омар"
ısırmak,B2,ысырмак,"-ать; -еть"
şahlanmak,B2,шахланмак,"(нет перевода)"
şakak,B2,шакак,"храм; место богослужения"
şampiyon,B2,шампийон,"чемпион; победитель"
şans eseri,B2,шанс эсери,"(нет перевода)"
şantiye,B2,шантийе,"строительная площадка; стройплощадка; строительство"
şarj,B2,шарж,"плата; такса"
şaşkın,B2,шашкын,"беспорядочный; спутанный; глупый"
şaşmak,B2,шашмак,"-ать; -еть; ибо"
şeffaf,B2,шеффаф,"прозрачный; очевидный"
şeref,B2,шереф,"честь; почтение; достоинство"
şifre,B2,шифре,"код; кодекс; пароль"
şnorkel,B2,шноркел,"(нет перевода)"
şöhret,B2,шёхрет,"слава; известность"
şımarmak,B2,шымармак,"(нет перевода)"
abis,C1,абис,"бездна; пропасть"
adamak,C1,адамак,"-ать; -еть; метафорический"
adlandırmak,C1,адландырмак,"-ать; -еть"
adım atmak,C1,адым атмак,"(нет перевода)"
akit,C1,акит,"контракт; договор; бракосочетание"
aksaklık,C1,аксаклык,"загвоздка; подвох"
aksetmek,C1,аксетмек,"(нет перевода)"
aktarmak,C1,актармак,"-ать; -еть"
akım,C1,акым,"нынешний; текущий"
algılama,C1,алгылама,"вербальный; словесный"
alt tarafı,C1,алт тарафы,"использованный; используемый"
alıntı,C1,алынты,"(нет перевода)"
aman dilemek,C1,аман дилемек,"(нет перевода)"
analitik,C1,аналитик,"аналитический"
antropolog,C1,антрополог,"антрополог"
aptal kutusu,C1,аптал кутусу,"(нет перевода)"
arama,C1,арама,"вербальный; словесный; обыск"
arbede,C1,арбеде,"драка; стычка"
artış göstermek,C1,артыш гёстермек,"(нет перевода)"
arz etmek,C1,арз этмек,"(нет перевода)"
arzuhal,C1,арзухал,"(нет перевода)"
arzuhalci,C1,арзухалджи,"(нет перевода)"
arşın,C1,аршын,"аршин"
asli,C1,асли,"настоящий; действительный"
atanma,C1,атанма,"(нет перевода)"
ateş saati,C1,атеш саати,"(нет перевода)"
atık,C1,атык,"настолько; так; ещё"
ay yılı,C1,ай йылы,"(нет перевода)"
ayet,C1,айет,"стих; куплет"
ayırt etmek,C1,айырт этмек,"-ать; -еть"
aşina,C1,ашина,"знакомый; известный"
aşk olsun,C1,ашк олсун,"(нет перевода)"
aşırı doz,C1,ашыры доз,"(нет перевода)"
aşırı makyaj,C1,ашыры макйаж,"(нет перевода)"
barınma,C1,барынма,"(нет перевода)"
basmakalıp,C1,басмакалып,"(нет перевода)"
basık,C1,басык,"(нет перевода)"
bayındırlık,C1,байындырлык,"(нет перевода)"
başrol,C1,башрол,"вестись; водиться"
başını dinlemek,C1,башыны динлемек,"(нет перевода)"
başını kaşıyacak zamanı olmamak,C1,башыны кашыйаджак заманы олмамак,"(нет перевода)"
belirti,C1,белирти,"вывеска; знак"
bileşke,C1,билешке,"объединение; унификация"
bilhassa,C1,билхасса,"особенно"
bilimkurgu,C1,билимкургу,"(нет перевода)"
bilinç,C1,билинч,"информированность; осведомлённость; сознание"
bilinçaltı,C1,билинчалты,"подсознание"
bilinçlendirmek,C1,билинчлендирмек,"(нет перевода)"
bilinçli,C1,билинчли,"в сознании; находящийся"
bir şeyde hakkı olmak,C1,бир шейде хаккы олмак,"(нет перевода)"
bir şeyi lehine çevirmek,C1,бир шейи лехине чевирмек,"(нет перевода)"
bir şeyin temelini atmak,C1,бир шейин темелини атмак,"(нет перевода)"
birisini ekmek,C1,бирисини экмек,"(нет перевода)"
bizzat,C1,биззат,"лично; персонально"
biçare,C1,бичаре,"жалкий; несчастный"
bobin,C1,бобин,"электромагнитный; вращение; катание"
bulgu,C1,булгу,"понимание; разумение"
buzul,C1,бузул,"ледник; глетчер"
buğulanmak,C1,бууланмак,"(нет перевода)"
bıyık altından gülmek,C1,быйык алтындан гюлмек,"(нет перевода)"
canı gönülden,C1,джаны гёнюлден,"(нет перевода)"
cefa,C1,джефа,"жестокость; безжалостность"
cemiyet,C1,джемийет,"общество; социум; встреча"
cihan,C1,джихан,"вселенная; мир; свет"
cıva,C1,джыва,"Меркурий; ртуть"
dahil etmek,C1,дахил этмек,"(нет перевода)"
danıştay,C1,даныштай,"(нет перевода)"
darmadağın,C1,дармадаын,"самый; тот самый"
dart,C1,дарт,"(нет перевода)"
delik deşik etmek,C1,делик дешик этмек,"(нет перевода)"
denetim,C1,денетим,"инспекция; проверка; управление"
denetlenme,C1,денетленме,"(нет перевода)"
derdine çare olmak,C1,дердине чаре олмак,"(нет перевода)"
derviş,C1,дервиш,"дервиш"
desteklemek,C1,дестеклемек,"-ать; -еть"
devre,C1,девре,"и точка; период; условие"
değişken,C1,дейишкен,"изменчивый; непостоянный"
değmeyin keyfime,C1,деймейин кейфиме,"(нет перевода)"
deşmek,C1,дешмек,"-ать; -еть"
dile getirmek,C1,диле гетирмек,"-ать; -еть"
dilinden düşmemek,C1,дилинден дюшмемек,"(нет перевода)"
dilinden düşürmemek,C1,дилинден дюшюрмемек,"(нет перевода)"
dillerde dolaşmak,C1,диллерде долашмак,"(нет перевода)"
dizgin,C1,дизгин,"повод; бразды"
doku,C1,доку,"ткань; салфетка; строение"
doküman,C1,докюман,"документ; документировать"
doğmamış çocuğa don biçmek,C1,домамыш чоджуа дон бичмек,"(нет перевода)"
doğrulmak,C1,дорулмак,"-ать; -еть"
duyu,C1,дуйу,"чувство; ощущение"
dörtnala,C1,дёртнала,"на"
dürtü,C1,дюртю,"драйв; напористость"
düzenek,C1,дюзенек,"приспособление; устройство"
edep,C1,эдеп,"манера; метод"
edinmek,C1,эдинмек,"-ать; -еть"
egemen,C1,эгемен,"суверенный; превосходный; господствующий"
ehemmiyet,C1,эхеммийет,"важность; значимость"
ekmek yemek,C1,экмек йемек,"(нет перевода)"
eksantrik,C1,эксантрик,"эксцентрический; эксцентричный; нестандартный"
ekvator,C1,экватор,"экватор"
ele almak,C1,эле алмак,"(нет перевода)"
ele geçmek,C1,эле гечмек,"(нет перевода)"
eleştirmen,C1,элештирмен,"критик; критикан"
elipsoid,C1,элипсоид,"(нет перевода)"
emniyet kemeri,C1,эмнийет кемери,"безопасность; сохранность"
emri başı üstüne,C1,эмри башы юстюне,"(нет перевода)"
enflasyon,C1,энфласйон,"вздувание; вспучивание"
entelektüel,C1,энтелектюел,"интеллектуальный; умственный"
enteresan,C1,энтересан,"интересный; занятный"
ergenlik,C1,эргенлик,"молодость; отрочество; состояние"
eritmek,C1,эритмек,"-ать; -еть"
erişim,C1,эришим,"доступ; подход"
eser,C1,эсер,"произведение искусства; работа; труд"
esna,C1,эсна,"момент силы; миг"
espri,C1,эспри,"настроение; гумор"
evde kalmak,C1,эвде калмак,"(нет перевода)"
faktör,C1,фактёр,"фактор; агент"
fay hattı,C1,фай хатты,"(нет перевода)"
faz,C1,фаз,"период; стадия"
fazilet,C1,фазилет,"достоинство; добродетель"
ferdi,C1,ферди,"(нет перевода)"
fert,C1,ферт,"личность; особа"
feryat etmek,C1,ферйат этмек,"-ать; -еть"
fosil,C1,фосил,"окаменелость; ископаемое; кто-то"
frekans,C1,фреканс,"частота"
fırlatmak,C1,фырлатмак,"-ать; -еть"
gala,C1,гала,"(нет перевода)"
gazel,C1,газел,"газель"
gelir,C1,гелир,"доход; заработок"
gelişigüzel,C1,гелишигюзел,"рандомный; случайный; небрежный"
gerdanlık,C1,герданлык,"ожерелье; колье"
geri çevirmek,C1,гери чевирмек,"(нет перевода)"
geçersiz,C1,гечерсиз,"недействительный; инвалид; аут"
girişimcilik,C1,гиришимджилик,"предпринимательство"
gladyatör,C1,гладйатёр,"гладиатор"
gurbet,C1,гурбет,"ещё; какой-нибудь"
görebilmek,C1,гёребилмек,"(нет перевода)"
görsel,C1,гёрсел,"визуальный; зрительный"
göz önüne serilmek,C1,гёз ёнюне серилмек,"(нет перевода)"
gözbebeği,C1,гёзбебейи,"альтернативный; альтернатива"
göze batmak,C1,гёзе батмак,"-ать; -еть"
gözler önüne sermek,C1,гёзлер ёнюне сермек,"(нет перевода)"
gözlerinin içi gülmek,C1,гёзлеринин ичи гюлмек,"(нет перевода)"
gözünü yükseklere dikmek,C1,гёзюню йюксеклере дикмек,"(нет перевода)"
göç,C1,гёч,"миграция; переселение; движимое имущество"
gülmekten kırılmak,C1,гюлмектен кырылмак,"альтернативный; альтернатива"
gün ışığına çıkarmak,C1,гюн ышыына чыкармак,"(нет перевода)"
gündem,C1,гюндем,"план; программа"
gündem oluşturmak,C1,гюндем олуштурмак,"(нет перевода)"
güneş saati,C1,гюнеш саати,"солнечные часы"
güneş yılı,C1,гюнеш йылы,"(нет перевода)"
güreşçi,C1,гюрешчи,"борец"
güvercin,C1,гюверджин,"голубь; горлица"
hakiki,C1,хакики,"верный; истинный; настоящий"
hale düşmek,C1,хале дюшмек,"(нет перевода)"
hamle yapmak,C1,хамле йапмак,"(нет перевода)"
hammadde,C1,хаммадде,"(нет перевода)"
harcama,C1,харджама,"(нет перевода)"
hariç,C1,харич,"за исключением того, что; кроме; внешний"
harmanlamak,C1,харманламак,"(нет перевода)"
hasat,C1,хасат,"жатва; урожай"
hasılı,C1,хасылы,"за; определённый; ясный"
hatır,C1,хатыр,"ум; разум; причина"
hayırsever,C1,хайырсевер,"благожелательный; благосклонный; благодетель"
hedef almak,C1,хедеф алмак,"(нет перевода)"
hekim,C1,хеким,"д-р; доктор"
heybetli,C1,хейбетли,"(нет перевода)"
hibe,C1,хибе,"пожертвование; дар; субсидия"
hiciv,C1,хиджив,"сатира"
hicrî,C1,хиджри,"(нет перевода)"
hikmet,C1,хикмет,"мудрость; тайный; потайной"
hikmetli,C1,хикметли,"(нет перевода)"
huzurevi,C1,хузуреви,"(нет перевода)"
hâkimiyet,C1,хакимийет,"(нет перевода)"
hüküm sürmek,C1,хюкюм сюрмек,"(нет перевода)"
hükümran,C1,хюкюмран,"линейка; властелин"
hürmetli,C1,хюрметли,"(нет перевода)"
hıdrellez,C1,хыдреллез,"(нет перевода)"
ibre,C1,ибре,"стрелка; спица"
iddia etmek,C1,иддиа этмек,"-ать; -еть"
ideoloji,C1,идеоложи,"идеология; мировоззрение"
ihraç etmek,C1,ихрач этмек,"-ать; -еть"
ihtiras,C1,ихтирас,"амбиция; мечта; страсть"
iki laf etmek,C1,ики лаф этмек,"(нет перевода)"
ikramiye,C1,икрамийе,"бонус; надбавка; добыча"
ileri geri konuşmak,C1,илери гери конушмак,"(нет перевода)"
iletmek,C1,илетмек,"-ать; -еть"
ilgi duymak,C1,илги дуймак,"(нет перевода)"
ilham,C1,илхам,"вдыхание; вдох"
ilham almak,C1,илхам алмак,"(нет перевода)"
ilham vermek,C1,илхам вермек,"(нет перевода)"
ilişkilendirmek,C1,илишкилендирмек,"(нет перевода)"
ilke,C1,илке,"принцип; доктрина; вера"
ilkel,C1,илкел,"изначальный; первичный; примитивный"
iman,C1,иман,"вера; уверенность"
imkân,C1,имкан,"возможность; шанс"
inanış,C1,инаныш,"(нет перевода)"
ipler koptu,C1,иплер копту,"(нет перевода)"
ipucu,C1,ипуджу,"ключ; нить; подсказка"
irtibat,C1,иртибат,"(нет перевода)"
irtibatlandırmak,C1,иртибатландырмак,"(нет перевода)"
iskemle,C1,искемле,"стул; кал"
ispat,C1,испат,"-прочный; -стойкий"
istatistik yüze gülmek,C1,истатистик йюзе гюлмек,"(нет перевода)"
istifade etmek,C1,истифаде этмек,"-ать; -еть"
istikrar,C1,истикрар,"стабилизация"
isyankâr,C1,исйанкар,"бунтарский; бунтующий"
ithal,C1,итхал,"(нет перевода)"
itidal,C1,итидал,"баланс; равновесие; сдержанность"
itiraz etmek,C1,итираз этмек,"(нет перевода)"
izin tezkeresi,C1,изин тезкереси,"(нет перевода)"
içerlemek,C1,ичерлемек,"(нет перевода)"
içtenlik,C1,ичтенлик,"(нет перевода)"
iş işten geçmek,C1,иш иштен гечмек,"(нет перевода)"
iş çevirmek,C1,иш чевирмек,"(нет перевода)"
işe girişmek,C1,ише гиришмек,"(нет перевода)"
işitme engelli,C1,ишитме энгелли,"(нет перевода)"
işitsel,C1,ишитсел,"(нет перевода)"
işkence,C1,ишкендже,"пытка; истязание; зажим"
işlek,C1,ишлек,"деятельный; занятый; продуктивный"
işlemek,C1,ишлемек,"-ать; -еть"
işleri yolunda olmak,C1,ишлери йолунда олмак,"(нет перевода)"
kabartma,C1,кабартма,"(нет перевода)"
kadran,C1,кадран,"торпеда; торпедо"
kadı,C1,кады,"кади"
kafayı yemek,C1,кафайы йемек,"-ать; -еть"
kalbi küt küt atmak,C1,калби кют кют атмак,"(нет перевода)"
kalender,C1,календер,"богемский; богемец; беззаботный"
kalifiye,C1,калифийе,"(нет перевода)"
kalkınma,C1,калкынма,"вербальный; словесный"
kama,C1,кама,"клин; кусок; кинжал"
kamu,C1,каму,"целый; весь; общественный"
kamuoyu oluşturmak,C1,камуойу олуштурмак,"(нет перевода)"
kamış,C1,камыш,"камыш; тростник; соломинка"
kanaat,C1,канаат,"взгляд; мнение; удовлетворение"
kanaat getirmek,C1,канаат гетирмек,"(нет перевода)"
kanun çıkarmak,C1,канун чыкармак,"(нет перевода)"
kapkaç,C1,капкач,"(нет перевода)"
kardiyovasküler,C1,кардийоваскюлер,"(нет перевода)"
karikatür,C1,карикатюр,"карикатура; шарж"
karışım,C1,карышым,"(нет перевода)"
karşı karşıya kalmak,C1,каршы каршыйа калмак,"(нет перевода)"
karşılık olarak,C1,каршылык оларак,"(нет перевода)"
kasılmak,C1,касылмак,"пассивный; бездеятельный; -ать"
kasırga,C1,касырга,"циклон"
kategori,C1,категори,"категория"
katot,C1,катот,"катод"
kavramak,C1,каврамак,"-ать; -еть"
kaygılanmak,C1,кайгыланмак,"-ать; -еть"
kaynak,C1,кайнак,"весна; ключ; запас"
kaynanası sevmek,C1,кайнанасы севмек,"(нет перевода)"
kebe,C1,кебе,"(нет перевода)"
kelepir,C1,келепир,"действительный; правомочный; кража"
keramet,C1,керамет,"чудо; диво"
kesin,C1,кесин,"точный; аккуратный; быстрый"
kimya,C1,кимйа,"химия; химио-; что-то"
kireç,C1,киреч,"лаймовый; известь"
kitle,C1,китле,"месса; массовый"
klostrofobi,C1,клострофоби,"клаустрофобия"
koz,C1,коз,"Трамп; козырь"
kozmonot,C1,козмонот,"космонавт"
kritik,C1,критик,"(нет перевода)"
kum saati,C1,кум саати,"песочные часы"
kusursuz,C1,кусурсуз,"безукоризненный; безупречный"
kutup,C1,кутуп,"лях; ляшка"
kuyruklu yıldız,C1,куйруклу йылдыз,"комета"
kuşak,C1,кушак,"широкий пояс под смокингом; кушак; пояс"
kuşkucu,C1,кушкуджу,"скептический"
köken,C1,кёкен,"происхождение; начало"
külliye,C1,кюллийе,"(нет перевода)"
küre,C1,кюре,"шар; сфера"
küremsi,C1,кюремси,"(нет перевода)"
küresel,C1,кюресел,"сферический; всемирный; глобальный"
küreselleşme,C1,кюреселлешме,"глобализм; мондиализм; глобализация"
küçük düşünmek,C1,кючюк дюшюнмек,"(нет перевода)"
kılavuzluk etmek,C1,кылавузлук этмек,"(нет перевода)"
kılık değiştirmek,C1,кылык дейиштирмек,"(нет перевода)"
kısıtlamak,C1,кысытламак,"-ать; -еть"
kısıtlanma,C1,кысытланма,"(нет перевода)"
kıt,C1,кыт,"недостаточный; скудный"
kıvılcım,C1,кывылджым,"искра; паяльник"
kıyas,C1,кыйас,"сравнение; сравнивание; предположение"
kıyaslamak,C1,кыйасламак,"(нет перевода)"
lafın altından kalkmak,C1,лафын алтындан калкмак,"(нет перевода)"
lanet olsun,C1,ланет олсун,"(нет перевода)"
lağım,C1,лаым,"канализационная труба; сточная труба"
limit,C1,лимит,"(нет перевода)"
linç etmek,C1,линч этмек,"-ать; -еть"
lisan,C1,лисан,"речь; язык"
lunapark,C1,лунапарк,"луна-парк; парк аттракционов; забава"
m m,C1,м м,"(нет перевода)"
maceraperest,C1,маджераперест,"авантюристичный; авантюрный"
maharet,C1,махарет,"умение; навык"
mahkûm etmek,C1,махкум этмек,"(нет перевода)"
mahsul,C1,махсул,"выработка; продукция; посев"
mahsus,C1,махсус,"особый; особенный; особенно"
makam,C1,макам,"мелодичный; мелодия; мотив"
maksat,C1,максат,"цель; предназначение"
makul,C1,макул,"разумный; за разумную цену; логический"
mal,C1,мал,"скот; скотина; благо"
malvarlığı,C1,малварлыы,"(нет перевода)"
manevî,C1,маневи,"(нет перевода)"
mantar,C1,мантар,"грибовидный; гриб; грибок"
manşet,C1,маншет,"манжета; обшлаг; заглавие"
maruz kalmak,C1,маруз калмак,"-ать; -еть"
maruzat,C1,марузат,"петиция; жалоба"
mazeret,C1,мазерет,"(нет перевода)"
mağdur,C1,мадур,"жертва; пострадавший"
mecbur,C1,меджбур,"вынужденный; насильственный"
mecnun,C1,меджнун,"сумасшедший; безумный"
mecra,C1,меджра,"русло; канал; ход"
meddah,C1,меддах,"(нет перевода)"
mehtap,C1,мехтап,"лунное сияние; лунный свет"
mektep,C1,мектеп,"школа; училище"
merak uyandırmak,C1,мерак уйандырмак,"(нет перевода)"
metal,C1,метал,"крушец; металл"
meşhur etmek,C1,мешхур этмек,"(нет перевода)"
mil,C1,мил,"миля; узел"
milat,C1,милат,"Рождество; рождество Христово"
milâdî,C1,милади,"(нет перевода)"
minyatür,C1,минйатюр,"(нет перевода)"
mizah,C1,мизах,"(нет перевода)"
moloz,C1,молоз,"обломок; щебень"
moruk,C1,морук,"кент; малый; чувак"
motivasyon,C1,мотивасйон,"(нет перевода)"
muhakeme,C1,мухакеме,"приложение; применение; испытательный"
muhalif,C1,мухалиф,"диссидент; диссидентка; противоположный"
muhatap,C1,мухатап,"(нет перевода)"
mânâ,C1,мана,"(нет перевода)"
mübalağa,C1,мюбалаа,"преувеличение"
müebbet,C1,мюеббет,"неизменный; перманентный; пожизненный"
mülakat,C1,мюлакат,"интервью; собеседование"
mülk,C1,мюлк,"имущество; собственность; деревенский"
mülkiyet,C1,мюлкийет,"право собственности; владение"
mürettebat,C1,мюреттебат,"банда; компания"
mürüvvet,C1,мюрюввет,"синоним"
müsaade,C1,мюсааде,"позволение; разрешение"
müsamere,C1,мюсамере,"вечер; день"
nadir,C1,надир,"редкий; кровавый"
nahoş,C1,нахош,"неприятный"
nasip,C1,насип,"настолько; так; ежедневный"
nazik,C1,назик,"вежливый; учтивый; хрупкий"
ne denli,C1,не денли,"как; насколько"
nesil,C1,несил,"зарождение; создание"
nezaket,C1,незакет,"вежливость; любезность"
nezaret,C1,незарет,"заведование; контроль; министерство"
niyaz,C1,нийаз,"мольба; просьба"
nörotik,C1,нёротик,"(нет перевода)"
nükte,C1,нюкте,"острота; тонкость; утончённость"
olanaklı kılmak,C1,оланаклы кылмак,"(нет перевода)"
olgu,C1,олгу,"факт"
olmayacak duaya amin demek,C1,олмайаджак дуайа амин демек,"(нет перевода)"
oluşum,C1,олушум,"образование; создание"
onaylamak,C1,онайламак,"-ать; -еть"
orijinal,C1,орижинал,"первоначальный; исходный"
orta oyunu,C1,орта ойуну,"(нет перевода)"
oymak,C1,оймак,"племя; род; -ать"
ozan,C1,озан,"поэт; поэтесса; бард"
pabucunu dama atmak,C1,пабуджуну дама атмак,"(нет перевода)"
palmiye,C1,палмийе,"пальма; длань; ладонь"
palyaço,C1,палйачо,"шут; клоун"
para canlısı,C1,пара джанлысы,"(нет перевода)"
payını almak,C1,пайыны алмак,"(нет перевода)"
periyot,C1,перийот,"и точка; период"
pes doğrusu,C1,пес дорусу,"(нет перевода)"
peşine düşmek,C1,пешине дюшмек,"(нет перевода)"
peşini bırakmamak,C1,пешини быракмамак,"(нет перевода)"
pisi,C1,писи,"кошка; кот"
piyanist,C1,пийанист,"(нет перевода)"
poster,C1,постер,"афиша; постер"
pota,C1,пота,"плавильный котёл; плавящийся; расплавленный"
propaganda,C1,пропаганда,"пропаганда; агитация"
pul,C1,пул,"печатание; печать; гамма"
pusula,C1,пусула,"буссоль; компас; знак"
püskürtmek,C1,пюскюртмек,"каузатив; каузативный залог"
radyatör,C1,радйатёр,"излучатель; радиатор"
rant,C1,рант,"нетрудовой доход"
reaksiyon,C1,реаксийон,"реакция"
renk katmak,C1,ренк катмак,"(нет перевода)"
restore edilmek,C1,ресторе эдилмек,"(нет перевода)"
rezil,C1,резил,"говённый; дерьмовый; позорный"
ritüel,C1,ритюел,"обряд; ритуал"
rutin,C1,рутин,"рутинный; заведённый"
sadaka,C1,садака,"милостыня; подаяние; Любовь"
salgılamak,C1,салгыламак,"(нет перевода)"
salınım,C1,салыным,"качание; колебание"
Samanyolu,C1,саманйолу,"Млечный Путь; млечный; молочный"
Sanat,C1,санат,"искусство; умение; сноровка"
sanayileşme,C1,санайилешме,"(нет перевода)"
sanki,C1,санки,"как; так"
saplantı,C1,сапланты,"одержимость; идея-фикс"
sapma,C1,сапма,"(нет перевода)"
sağ salim,C1,са салим,"безопасно; благополучно"
sağır,C1,саыр,"глухой"
sera,C1,сера,"парник; теплица"
serüven,C1,серювен,"приключение; событие"
sevk etmek,C1,севк этмек,"-ать; -еть"
seyran,C1,сейран,"прогулка; променад"
seyre dalmak,C1,сейре далмак,"(нет перевода)"
seçkin,C1,сечкин,"исключительный; эксклюзивный; элитный"
sihirli kutu,C1,сихирли куту,"(нет перевода)"
simülasyon,C1,симюласйон,"(нет перевода)"
sine,C1,сине,"близкий; интимный; сердце"
sinirleri gerilmek,C1,синирлери герилмек,"(нет перевода)"
sistematik,C1,систематик,"систематический; систематичный"
sitem,C1,ситем,"жалоба; нарекание; выговор"
sitem etmek,C1,ситем этмек,"(нет перевода)"
sivrilmek,C1,сиврилмек,"(нет перевода)"
smokin,C1,смокин,"смокинг"
solunum,C1,солунум,"дыхание"
sorumsuz,C1,сорумсуз,"не несущий ответственности; безответственный"
soytarılık,C1,сойтарылык,"(нет перевода)"
sponsor,C1,спонсор,"(нет перевода)"
staj,C1,стаж,"интернатура; практика"
su saati,C1,су саати,"(нет перевода)"
sunmak,C1,сунмак,"-ать; -еть"
suratını asmak,C1,суратыны асмак,"(нет перевода)"
sönük kalmak,C1,сёнюк калмак,"(нет перевода)"
sözleşmek,C1,сёзлешмек,"-ать; -еть"
sükûnet,C1,сюкунет,"безмятежность; спокойствие; молчать"
sürdürülebilirlik,C1,сюрдюрюлебилирлик,"устойчивость; экологическая устойчивость"
sürüklemek,C1,сюрюклемек,"-ать; -еть"
sütun,C1,сютун,"столб; колонна"
süzülmek,C1,сюзюлмек,"пассивный; бездеятельный; -ать"
süzülüp gitmek,C1,сюзюлюп гитмек,"(нет перевода)"
sınıflandırmak,C1,сыныфландырмак,"каузатив; каузативный залог"
sınırlı tutmak,C1,сынырлы тутмак,"(нет перевода)"
sır,C1,сыр,"тайный; потайной; глазурь"
sırça,C1,сырча,"стекло; бокал; из"
tabir,C1,табир,"выражение; оборот"
tabure,C1,табуре,"подставка для ног; скамеечка для ног"
tabut,C1,табут,"гроб; домовина"
tahrip,C1,тахрип,"разрушение; уничтожение"
takdir,C1,такдир,"оценка налогообложения; оценивание; благодарность"
taklit,C1,таклит,"контрафактный; поддельный; имитация"
takıntılı,C1,такынтылы,"обуянный; одержимый"
takışmak,C1,такышмак,"(нет перевода)"
talep,C1,талеп,"спрос; потребность; запрос"
tapu,C1,тапу,"акт; действие"
taramak,C1,тарамак,"расчёска; гребёнка; -ать"
tasavvuf,C1,тасаввуф,"суфизм"
tatmin etmek,C1,татмин этмек,"-ать; -еть"
tavır,C1,тавыр,"манера; метод"
tazminat,C1,тазминат,"возмещение; выплата; компенсация"
taşkın,C1,ташкын,"всемирный потоп; наводнение; избыточный"
taşlama,C1,ташлама,"вербальный; словесный"
tedavül,C1,тедавюл,"(нет перевода)"
teferruat,C1,теферруат,"(нет перевода)"
tehdit,C1,техдит,"угроза; опасность"
tekke,C1,текке,"богадельня; тюрьма; зона"
telafi,C1,телафи,"возмещение; компенсация"
telkin,C1,телкин,"(нет перевода)"
tembihlemek,C1,тембихлемек,"(нет перевода)"
temin etmek,C1,темин этмек,"(нет перевода)"
teorik,C1,теорик,"абстрактный; отвлечённый"
tereddüt,C1,тереддют,"нерешительность"
terör,C1,терёр,"что-то; кое-что"
tesir,C1,тесир,"эффект; результат"
tesisat,C1,тесисат,"растение; крот"
teslimiyet,C1,теслимийет,"капитуляция; сдача; подача"
tespit,C1,теспит,"стабилизация"
tetik le-,C1,тетик ле-,"(нет перевода)"
tevazu,C1,тевазу,"покорность; скромность"
tez,C1,тез,"очерк; сочинение; дипломная работа"
teşvik,C1,тешвик,"стимул; толчок"
tolerans,C1,толеранс,"терпение; терпимость"
topografik,C1,топографик,"топографический"
trajikomik,C1,тражикомик,"(нет перевода)"
tribün,C1,трибюн,"позиция; пост"
tutturmak,C1,туттурмак,"-ать; -еть"
tüberküloz,C1,тюберкюлоз,"туберкулёз; чахотка"
tüketici,C1,тюкетиджи,"потребитель; потребительница"
tüyo,C1,тюйо,"кончик; наконечник"
ultraviyole,C1,ултравийоле,"(нет перевода)"
ulumak,C1,улумак,"-ать; -еть"
uydu,C1,уйду,"Луна; луна; спутник"
uydurmak,C1,уйдурмак,"каузатив; каузативный залог; -ать"
uygar,C1,уйгар,"воспитанный; культурный"
uygarlık,C1,уйгарлык,"культура; цивилизация"
uyuşmazlık,C1,уйушмазлык,"разногласие; несогласие; несовместимость"
uzak durmak,C1,узак дурмак,"(нет перевода)"
uzantı,C1,узанты,"отросток; придаток"
uzlaşımsal,C1,узлашымсал,"(нет перевода)"
uçuk kıyafet,C1,учук кыйафет,"(нет перевода)"
uğraşı,C1,урашы,"(нет перевода)"
uğruna,C1,уруна,"для; ради; ибо"
vantilatör,C1,вантилатёр,"вентилятор"
vasıf,C1,васыф,"(нет перевода)"
vatoz,C1,ватоз,"скат; луч"
vefasız,C1,вефасыз,"нелояльный"
versiyon,C1,версийон,"версия; вариант"
vicdan azabı,C1,видждан азабы,"(нет перевода)"
vizyon,C1,визйон,"абстрактный; воображаемый; предвидение"
volta atmak,C1,волта атмак,"-ать; -еть"
yakarmak,C1,йакармак,"-ать; -еть"
yansımak,C1,йансымак,"-ать; -еть"
yapılandırmak,C1,йапыландырмак,"каузатив; каузативный залог; -ать"
yapış yapış olmak,C1,йапыш йапыш олмак,"(нет перевода)"
yarıçap,C1,йарычап,"(нет перевода)"
yasal süreç,C1,йасал сюреч,"(нет перевода)"
yatkın,C1,йаткын,"(нет перевода)"
yatkın olmak,C1,йаткын олмак,"(нет перевода)"
yayın,C1,йайын,"вещание; передача; сом"
yazılım,C1,йазылым,"ПО; программное обеспечение"
yaşayıp gitmek,C1,йашайып гитмек,"(нет перевода)"
yeltenmek,C1,йелтенмек,"-ать; -еть"
yerel,C1,йерел,"локальный; местный; региональный"
yergi,C1,йерги,"сатира"
yerküre,C1,йеркюре,"Земля; грунт"
yerçekimi,C1,йерчекими,"(нет перевода)"
yetim,C1,йетим,"сирота; сиротка"
yetkinlik,C1,йеткинлик,"(нет перевода)"
yolunu bulmak,C1,йолуну булмак,"(нет перевода)"
yöneltmek,C1,йёнелтмек,"каузатив; каузативный залог; -ать"
yöre,C1,йёре,"площадь; край; район"
yığılmak,C1,йыылмак,"пассивный; бездеятельный"
zaman almak,C1,заман алмак,"(нет перевода)"
zaman harcamak,C1,заман харджамак,"(нет перевода)"
zaman kaybetmek,C1,заман кайбетмек,"(нет перевода)"
zaman öldürmek,C1,заман ёлдюрмек,"(нет перевода)"
zamane,C1,замане,"(нет перевода)"
zarf,C1,зарф,"наречие; конверт; обёртка"
zedelemek,C1,зеделемек,"(нет перевода)"
zehirlenmek,C1,зехирленмек,"пассивный; бездеятельный"
zemin,C1,земин,"молотый; грунт; пол"
zikir,C1,зикир,"зикр; синоним"
zikretmek,C1,зикретмек,"-ать; -еть"
zira,C1,зира,"из-за; потому что"
zirve,C1,зирве,"горная вершина; пик; вершина"
ziyade,C1,зийаде,"многие; многий"
zonklamak,C1,зонкламак,"-ать; -еть"
zulüm,C1,зулюм,"тирания"
zümre,C1,зюмре,"(нет перевода)"
çanak,C1,чанак,"миска; пиала; чашечка"
çap,C1,чап,"диаметр; поперечник; калибр"
çare aramak,C1,чаре арамак,"(нет перевода)"
çarpıtmak,C1,чарпытмак,"(нет перевода)"
çarşaf çarşaf,C1,чаршаф чаршаф,"(нет перевода)"
çatışmak,C1,чатышмак,"-ать; -еть"
çek bozdurmak,C1,чек боздурмак,"(нет перевода)"
çekingen,C1,чекинген,"пугливый; боязливый"
çekip gitmek,C1,чекип гитмек,"(нет перевода)"
çelimsiz,C1,челимсиз,"немощный; слабый"
çerçeve,C1,черчеве,"костяк; скелет; парадигма"
çevrimiçi,C1,чевримичи,"альтернативный; альтернатива"
çeyiz,C1,чейиз,"приданое; вено"
çullanmak,C1,чулланмак,"(нет перевода)"
çölleşme,C1,чёллешме,"вербальный; словесный"
çırak,C1,чырак,"подмастерье; ученик"
çırpınmak,C1,чырпынмак,"-ать; -еть"
çığır açmak,C1,чыыр ачмак,"-ать; -еть"
öksüz,C1,ёксюз,"материнский; с материнской стороны; двойной"
ölçüp biçmek,C1,ёлчюп бичмек,"(нет перевода)"
önemsemek,C1,ёнемсемек,"-ать; -еть"
öngörmek,C1,ёнгёрмек,"-ать; -еть"
örgütlenmek,C1,ёргютленмек,"пассивный; бездеятельный"
övgü,C1,ёвгю,"комплимент; любезность; дань"
övmek,C1,ёвмек,"-ать; -еть"
öz,C1,ёз,"суть; смысл; абстрактный"
özetlemek,C1,ёзетлемек,"-ать; -еть"
ümidi kaybolmak,C1,юмиди кайболмак,"(нет перевода)"
ümidini kaybetmek,C1,юмидини кайбетмек,"(нет перевода)"
üstat,C1,юстат,"экспертный; знаток"
ütopik,C1,ютопик,"утопический; утопист"
üşenmek,C1,юшенмек,"не; а не; бидон"
ırk,C1,ырк,"гонка; порода; число строк"
ıslahevi,C1,ыслахеви,"(нет перевода)"
ıstı ra b,C1,ысты ра б,"(нет перевода)"
ıstırap,C1,ыстырап,"альтернативный; альтернатива"
şahsiyet,C1,шахсийет,"личность; индивидуальность; особа"
şaka kaldırmak,C1,шака калдырмак,"(нет перевода)"
şakası olmamak,C1,шакасы олмамак,"(нет перевода)"
şakaya vurmak,C1,шакайа вурмак,"(нет перевода)"
şeref vermek,C1,шереф вермек,"(нет перевода)"
şive,C1,шиве,"акцент; ударение"
şuur,C1,шуур,"информированность; осведомлённость; сознание"
